"DDBJ","Barcode","Library","ExperimentAccession","Well","Run","cell_id"
"DRR028133","AAGAGGCA-AAGGAGTA","RNhi10371","DRX019711","G11","1772-062-248","1772-062-248_G11"
"DRR028134","AAGAGGCA-ACTGCATA","RNhi10371","DRX019711","F11","1772-062-248","1772-062-248_F11"
"DRR028135","AAGAGGCA-AGAGTAGA","RNhi10371","DRX019711","D11","1772-062-248","1772-062-248_D11"
"DRR028136","AAGAGGCA-CTAAGCCT","RNhi10371","DRX019711","H11","1772-062-248","1772-062-248_H11"
"DRR028137","AAGAGGCA-CTCTCTAT","RNhi10371","DRX019711","B11","1772-062-248","1772-062-248_B11"
"DRR028138","AAGAGGCA-GTAAGGAG","RNhi10371","DRX019711","E11","1772-062-248","1772-062-248_E11"
"DRR028139","AAGAGGCA-TAGATCGC","RNhi10371","DRX019711","A11","1772-062-248","1772-062-248_A11"
"DRR028140","AAGAGGCA-TATCCTCT","RNhi10371","DRX019711","C11","1772-062-248","1772-062-248_C11"
"DRR028141","AGGCAGAA-AAGGAGTA","RNhi10371","DRX019711","G03","1772-062-248","1772-062-248_G03"
"DRR028142","AGGCAGAA-ACTGCATA","RNhi10371","DRX019711","F03","1772-062-248","1772-062-248_F03"
"DRR028143","AGGCAGAA-AGAGTAGA","RNhi10371","DRX019711","D03","1772-062-248","1772-062-248_D03"
"DRR028144","AGGCAGAA-CTAAGCCT","RNhi10371","DRX019711","H03","1772-062-248","1772-062-248_H03"
"DRR028145","AGGCAGAA-CTCTCTAT","RNhi10371","DRX019711","B03","1772-062-248","1772-062-248_B03"
"DRR028146","AGGCAGAA-GTAAGGAG","RNhi10371","DRX019711","E03","1772-062-248","1772-062-248_E03"
"DRR028147","AGGCAGAA-TAGATCGC","RNhi10371","DRX019711","A03","1772-062-248","1772-062-248_A03"
"DRR028148","AGGCAGAA-TATCCTCT","RNhi10371","DRX019711","C03","1772-062-248","1772-062-248_C03"
"DRR028149","CAGAGAGG-AAGGAGTA","RNhi10371","DRX019711","G08","1772-062-248","1772-062-248_G08"
"DRR028150","CAGAGAGG-ACTGCATA","RNhi10371","DRX019711","F08","1772-062-248","1772-062-248_F08"
"DRR028151","CAGAGAGG-AGAGTAGA","RNhi10371","DRX019711","D08","1772-062-248","1772-062-248_D08"
"DRR028152","CAGAGAGG-CTAAGCCT","RNhi10371","DRX019711","H08","1772-062-248","1772-062-248_H08"
"DRR028153","CAGAGAGG-CTCTCTAT","RNhi10371","DRX019711","B08","1772-062-248","1772-062-248_B08"
"DRR028154","CAGAGAGG-GTAAGGAG","RNhi10371","DRX019711","E08","1772-062-248","1772-062-248_E08"
"DRR028155","CAGAGAGG-TAGATCGC","RNhi10371","DRX019711","A08","1772-062-248","1772-062-248_A08"
"DRR028156","CAGAGAGG-TATCCTCT","RNhi10371","DRX019711","C08","1772-062-248","1772-062-248_C08"
"DRR028157","CGAGGCTG-AAGGAGTA","RNhi10371","DRX019711","G10","1772-062-248","1772-062-248_G10"
"DRR028158","CGAGGCTG-ACTGCATA","RNhi10371","DRX019711","F10","1772-062-248","1772-062-248_F10"
"DRR028159","CGAGGCTG-AGAGTAGA","RNhi10371","DRX019711","D10","1772-062-248","1772-062-248_D10"
"DRR028160","CGAGGCTG-CTAAGCCT","RNhi10371","DRX019711","H10","1772-062-248","1772-062-248_H10"
"DRR028161","CGAGGCTG-CTCTCTAT","RNhi10371","DRX019711","B10","1772-062-248","1772-062-248_B10"
"DRR028162","CGAGGCTG-GTAAGGAG","RNhi10371","DRX019711","E10","1772-062-248","1772-062-248_E10"
"DRR028163","CGAGGCTG-TAGATCGC","RNhi10371","DRX019711","A10","1772-062-248","1772-062-248_A10"
"DRR028164","CGAGGCTG-TATCCTCT","RNhi10371","DRX019711","C10","1772-062-248","1772-062-248_C10"
"DRR028165","CGTACTAG-AAGGAGTA","RNhi10371","DRX019711","G02","1772-062-248","1772-062-248_G02"
"DRR028166","CGTACTAG-ACTGCATA","RNhi10371","DRX019711","F02","1772-062-248","1772-062-248_F02"
"DRR028167","CGTACTAG-AGAGTAGA","RNhi10371","DRX019711","D02","1772-062-248","1772-062-248_D02"
"DRR028168","CGTACTAG-CTAAGCCT","RNhi10371","DRX019711","H02","1772-062-248","1772-062-248_H02"
"DRR028169","CGTACTAG-CTCTCTAT","RNhi10371","DRX019711","B02","1772-062-248","1772-062-248_B02"
"DRR028170","CGTACTAG-GTAAGGAG","RNhi10371","DRX019711","E02","1772-062-248","1772-062-248_E02"
"DRR028171","CGTACTAG-TAGATCGC","RNhi10371","DRX019711","A02","1772-062-248","1772-062-248_A02"
"DRR028172","CGTACTAG-TATCCTCT","RNhi10371","DRX019711","C02","1772-062-248","1772-062-248_C02"
"DRR028173","CTCTCTAC-AAGGAGTA","RNhi10371","DRX019711","G07","1772-062-248","1772-062-248_G07"
"DRR028174","CTCTCTAC-ACTGCATA","RNhi10371","DRX019711","F07","1772-062-248","1772-062-248_F07"
"DRR028175","CTCTCTAC-AGAGTAGA","RNhi10371","DRX019711","D07","1772-062-248","1772-062-248_D07"
"DRR028176","CTCTCTAC-CTAAGCCT","RNhi10371","DRX019711","H07","1772-062-248","1772-062-248_H07"
"DRR028177","CTCTCTAC-CTCTCTAT","RNhi10371","DRX019711","B07","1772-062-248","1772-062-248_B07"
"DRR028178","CTCTCTAC-GTAAGGAG","RNhi10371","DRX019711","E07","1772-062-248","1772-062-248_E07"
"DRR028179","CTCTCTAC-TAGATCGC","RNhi10371","DRX019711","A07","1772-062-248","1772-062-248_A07"
"DRR028180","CTCTCTAC-TATCCTCT","RNhi10371","DRX019711","C07","1772-062-248","1772-062-248_C07"
"DRR028181","GCTACGCT-AAGGAGTA","RNhi10371","DRX019711","G09","1772-062-248","1772-062-248_G09"
"DRR028182","GCTACGCT-ACTGCATA","RNhi10371","DRX019711","F09","1772-062-248","1772-062-248_F09"
"DRR028183","GCTACGCT-AGAGTAGA","RNhi10371","DRX019711","D09","1772-062-248","1772-062-248_D09"
"DRR028184","GCTACGCT-CTAAGCCT","RNhi10371","DRX019711","H09","1772-062-248","1772-062-248_H09"
"DRR028185","GCTACGCT-CTCTCTAT","RNhi10371","DRX019711","B09","1772-062-248","1772-062-248_B09"
"DRR028186","GCTACGCT-GTAAGGAG","RNhi10371","DRX019711","E09","1772-062-248","1772-062-248_E09"
"DRR028187","GCTACGCT-TAGATCGC","RNhi10371","DRX019711","A09","1772-062-248","1772-062-248_A09"
"DRR028188","GCTACGCT-TATCCTCT","RNhi10371","DRX019711","C09","1772-062-248","1772-062-248_C09"
"DRR028189","GGACTCCT-AAGGAGTA","RNhi10371","DRX019711","G05","1772-062-248","1772-062-248_G05"
"DRR028190","GGACTCCT-ACTGCATA","RNhi10371","DRX019711","F05","1772-062-248","1772-062-248_F05"
"DRR028191","GGACTCCT-AGAGTAGA","RNhi10371","DRX019711","D05","1772-062-248","1772-062-248_D05"
"DRR028192","GGACTCCT-CTAAGCCT","RNhi10371","DRX019711","H05","1772-062-248","1772-062-248_H05"
"DRR028193","GGACTCCT-CTCTCTAT","RNhi10371","DRX019711","B05","1772-062-248","1772-062-248_B05"
"DRR028194","GGACTCCT-GTAAGGAG","RNhi10371","DRX019711","E05","1772-062-248","1772-062-248_E05"
"DRR028195","GGACTCCT-TAGATCGC","RNhi10371","DRX019711","A05","1772-062-248","1772-062-248_A05"
"DRR028196","GGACTCCT-TATCCTCT","RNhi10371","DRX019711","C05","1772-062-248","1772-062-248_C05"
"DRR028197","GTAGAGGA-AAGGAGTA","RNhi10371","DRX019711","G12","1772-062-248","1772-062-248_G12"
"DRR028198","GTAGAGGA-ACTGCATA","RNhi10371","DRX019711","F12","1772-062-248","1772-062-248_F12"
"DRR028199","GTAGAGGA-AGAGTAGA","RNhi10371","DRX019711","D12","1772-062-248","1772-062-248_D12"
"DRR028200","GTAGAGGA-CTAAGCCT","RNhi10371","DRX019711","H12","1772-062-248","1772-062-248_H12"
"DRR028201","GTAGAGGA-CTCTCTAT","RNhi10371","DRX019711","B12","1772-062-248","1772-062-248_B12"
"DRR028202","GTAGAGGA-GTAAGGAG","RNhi10371","DRX019711","E12","1772-062-248","1772-062-248_E12"
"DRR028203","GTAGAGGA-TAGATCGC","RNhi10371","DRX019711","A12","1772-062-248","1772-062-248_A12"
"DRR028204","GTAGAGGA-TATCCTCT","RNhi10371","DRX019711","C12","1772-062-248","1772-062-248_C12"
"DRR028205","TAAGGCGA-AAGGAGTA","RNhi10371","DRX019711","G01","1772-062-248","1772-062-248_G01"
"DRR028206","TAAGGCGA-ACTGCATA","RNhi10371","DRX019711","F01","1772-062-248","1772-062-248_F01"
"DRR028207","TAAGGCGA-AGAGTAGA","RNhi10371","DRX019711","D01","1772-062-248","1772-062-248_D01"
"DRR028208","TAAGGCGA-CTAAGCCT","RNhi10371","DRX019711","H01","1772-062-248","1772-062-248_H01"
"DRR028209","TAAGGCGA-CTCTCTAT","RNhi10371","DRX019711","B01","1772-062-248","1772-062-248_B01"
"DRR028210","TAAGGCGA-GTAAGGAG","RNhi10371","DRX019711","E01","1772-062-248","1772-062-248_E01"
"DRR028211","TAAGGCGA-TAGATCGC","RNhi10371","DRX019711","A01","1772-062-248","1772-062-248_A01"
"DRR028212","TAAGGCGA-TATCCTCT","RNhi10371","DRX019711","C01","1772-062-248","1772-062-248_C01"
"DRR028213","TAGGCATG-AAGGAGTA","RNhi10371","DRX019711","G06","1772-062-248","1772-062-248_G06"
"DRR028214","TAGGCATG-ACTGCATA","RNhi10371","DRX019711","F06","1772-062-248","1772-062-248_F06"
"DRR028215","TAGGCATG-AGAGTAGA","RNhi10371","DRX019711","D06","1772-062-248","1772-062-248_D06"
"DRR028216","TAGGCATG-CTAAGCCT","RNhi10371","DRX019711","H06","1772-062-248","1772-062-248_H06"
"DRR028217","TAGGCATG-CTCTCTAT","RNhi10371","DRX019711","B06","1772-062-248","1772-062-248_B06"
"DRR028218","TAGGCATG-GTAAGGAG","RNhi10371","DRX019711","E06","1772-062-248","1772-062-248_E06"
"DRR028219","TAGGCATG-TAGATCGC","RNhi10371","DRX019711","A06","1772-062-248","1772-062-248_A06"
"DRR028220","TAGGCATG-TATCCTCT","RNhi10371","DRX019711","C06","1772-062-248","1772-062-248_C06"
"DRR028221","TCCTGAGC-AAGGAGTA","RNhi10371","DRX019711","G04","1772-062-248","1772-062-248_G04"
"DRR028222","TCCTGAGC-ACTGCATA","RNhi10371","DRX019711","F04","1772-062-248","1772-062-248_F04"
"DRR028223","TCCTGAGC-AGAGTAGA","RNhi10371","DRX019711","D04","1772-062-248","1772-062-248_D04"
"DRR028224","TCCTGAGC-CTAAGCCT","RNhi10371","DRX019711","H04","1772-062-248","1772-062-248_H04"
"DRR028225","TCCTGAGC-CTCTCTAT","RNhi10371","DRX019711","B04","1772-062-248","1772-062-248_B04"
"DRR028226","TCCTGAGC-GTAAGGAG","RNhi10371","DRX019711","E04","1772-062-248","1772-062-248_E04"
"DRR028227","TCCTGAGC-TAGATCGC","RNhi10371","DRX019711","A04","1772-062-248","1772-062-248_A04"
"DRR028228","TCCTGAGC-TATCCTCT","RNhi10371","DRX019711","C04","1772-062-248","1772-062-248_C04"
"DRR028229","AAGAGGCA-AAGGAGTA","RNhi10372","DRX019712","G11","1772-062-249","1772-062-249_G11"
"DRR028230","AAGAGGCA-ACTGCATA","RNhi10372","DRX019712","F11","1772-062-249","1772-062-249_F11"
"DRR028231","AAGAGGCA-AGAGTAGA","RNhi10372","DRX019712","D11","1772-062-249","1772-062-249_D11"
"DRR028232","AAGAGGCA-CTAAGCCT","RNhi10372","DRX019712","H11","1772-062-249","1772-062-249_H11"
"DRR028233","AAGAGGCA-CTCTCTAT","RNhi10372","DRX019712","B11","1772-062-249","1772-062-249_B11"
"DRR028234","AAGAGGCA-GTAAGGAG","RNhi10372","DRX019712","E11","1772-062-249","1772-062-249_E11"
"DRR028235","AAGAGGCA-TAGATCGC","RNhi10372","DRX019712","A11","1772-062-249","1772-062-249_A11"
"DRR028236","AAGAGGCA-TATCCTCT","RNhi10372","DRX019712","C11","1772-062-249","1772-062-249_C11"
"DRR028237","AGGCAGAA-AAGGAGTA","RNhi10372","DRX019712","G03","1772-062-249","1772-062-249_G03"
"DRR028238","AGGCAGAA-ACTGCATA","RNhi10372","DRX019712","F03","1772-062-249","1772-062-249_F03"
"DRR028239","AGGCAGAA-AGAGTAGA","RNhi10372","DRX019712","D03","1772-062-249","1772-062-249_D03"
"DRR028240","AGGCAGAA-CTAAGCCT","RNhi10372","DRX019712","H03","1772-062-249","1772-062-249_H03"
"DRR028241","AGGCAGAA-CTCTCTAT","RNhi10372","DRX019712","B03","1772-062-249","1772-062-249_B03"
"DRR028242","AGGCAGAA-GTAAGGAG","RNhi10372","DRX019712","E03","1772-062-249","1772-062-249_E03"
"DRR028243","AGGCAGAA-TAGATCGC","RNhi10372","DRX019712","A03","1772-062-249","1772-062-249_A03"
"DRR028244","AGGCAGAA-TATCCTCT","RNhi10372","DRX019712","C03","1772-062-249","1772-062-249_C03"
"DRR028245","CAGAGAGG-AAGGAGTA","RNhi10372","DRX019712","G08","1772-062-249","1772-062-249_G08"
"DRR028246","CAGAGAGG-ACTGCATA","RNhi10372","DRX019712","F08","1772-062-249","1772-062-249_F08"
"DRR028247","CAGAGAGG-AGAGTAGA","RNhi10372","DRX019712","D08","1772-062-249","1772-062-249_D08"
"DRR028248","CAGAGAGG-CTAAGCCT","RNhi10372","DRX019712","H08","1772-062-249","1772-062-249_H08"
"DRR028249","CAGAGAGG-CTCTCTAT","RNhi10372","DRX019712","B08","1772-062-249","1772-062-249_B08"
"DRR028250","CAGAGAGG-GTAAGGAG","RNhi10372","DRX019712","E08","1772-062-249","1772-062-249_E08"
"DRR028251","CAGAGAGG-TAGATCGC","RNhi10372","DRX019712","A08","1772-062-249","1772-062-249_A08"
"DRR028252","CAGAGAGG-TATCCTCT","RNhi10372","DRX019712","C08","1772-062-249","1772-062-249_C08"
"DRR028253","CGAGGCTG-AAGGAGTA","RNhi10372","DRX019712","G10","1772-062-249","1772-062-249_G10"
"DRR028254","CGAGGCTG-ACTGCATA","RNhi10372","DRX019712","F10","1772-062-249","1772-062-249_F10"
"DRR028255","CGAGGCTG-AGAGTAGA","RNhi10372","DRX019712","D10","1772-062-249","1772-062-249_D10"
"DRR028256","CGAGGCTG-CTAAGCCT","RNhi10372","DRX019712","H10","1772-062-249","1772-062-249_H10"
"DRR028257","CGAGGCTG-CTCTCTAT","RNhi10372","DRX019712","B10","1772-062-249","1772-062-249_B10"
"DRR028258","CGAGGCTG-GTAAGGAG","RNhi10372","DRX019712","E10","1772-062-249","1772-062-249_E10"
"DRR028259","CGAGGCTG-TAGATCGC","RNhi10372","DRX019712","A10","1772-062-249","1772-062-249_A10"
"DRR028260","CGAGGCTG-TATCCTCT","RNhi10372","DRX019712","C10","1772-062-249","1772-062-249_C10"
"DRR028261","CGTACTAG-AAGGAGTA","RNhi10372","DRX019712","G02","1772-062-249","1772-062-249_G02"
"DRR028262","CGTACTAG-ACTGCATA","RNhi10372","DRX019712","F02","1772-062-249","1772-062-249_F02"
"DRR028263","CGTACTAG-AGAGTAGA","RNhi10372","DRX019712","D02","1772-062-249","1772-062-249_D02"
"DRR028264","CGTACTAG-CTAAGCCT","RNhi10372","DRX019712","H02","1772-062-249","1772-062-249_H02"
"DRR028265","CGTACTAG-CTCTCTAT","RNhi10372","DRX019712","B02","1772-062-249","1772-062-249_B02"
"DRR028266","CGTACTAG-GTAAGGAG","RNhi10372","DRX019712","E02","1772-062-249","1772-062-249_E02"
"DRR028267","CGTACTAG-TAGATCGC","RNhi10372","DRX019712","A02","1772-062-249","1772-062-249_A02"
"DRR028268","CGTACTAG-TATCCTCT","RNhi10372","DRX019712","C02","1772-062-249","1772-062-249_C02"
"DRR028269","CTCTCTAC-AAGGAGTA","RNhi10372","DRX019712","G07","1772-062-249","1772-062-249_G07"
"DRR028270","CTCTCTAC-ACTGCATA","RNhi10372","DRX019712","F07","1772-062-249","1772-062-249_F07"
"DRR028271","CTCTCTAC-AGAGTAGA","RNhi10372","DRX019712","D07","1772-062-249","1772-062-249_D07"
"DRR028272","CTCTCTAC-CTAAGCCT","RNhi10372","DRX019712","H07","1772-062-249","1772-062-249_H07"
"DRR028273","CTCTCTAC-CTCTCTAT","RNhi10372","DRX019712","B07","1772-062-249","1772-062-249_B07"
"DRR028274","CTCTCTAC-GTAAGGAG","RNhi10372","DRX019712","E07","1772-062-249","1772-062-249_E07"
"DRR028275","CTCTCTAC-TAGATCGC","RNhi10372","DRX019712","A07","1772-062-249","1772-062-249_A07"
"DRR028276","CTCTCTAC-TATCCTCT","RNhi10372","DRX019712","C07","1772-062-249","1772-062-249_C07"
"DRR028277","GCTACGCT-AAGGAGTA","RNhi10372","DRX019712","G09","1772-062-249","1772-062-249_G09"
"DRR028278","GCTACGCT-ACTGCATA","RNhi10372","DRX019712","F09","1772-062-249","1772-062-249_F09"
"DRR028279","GCTACGCT-AGAGTAGA","RNhi10372","DRX019712","D09","1772-062-249","1772-062-249_D09"
"DRR028280","GCTACGCT-CTAAGCCT","RNhi10372","DRX019712","H09","1772-062-249","1772-062-249_H09"
"DRR028281","GCTACGCT-CTCTCTAT","RNhi10372","DRX019712","B09","1772-062-249","1772-062-249_B09"
"DRR028282","GCTACGCT-GTAAGGAG","RNhi10372","DRX019712","E09","1772-062-249","1772-062-249_E09"
"DRR028283","GCTACGCT-TAGATCGC","RNhi10372","DRX019712","A09","1772-062-249","1772-062-249_A09"
"DRR028284","GCTACGCT-TATCCTCT","RNhi10372","DRX019712","C09","1772-062-249","1772-062-249_C09"
"DRR028285","GGACTCCT-AAGGAGTA","RNhi10372","DRX019712","G05","1772-062-249","1772-062-249_G05"
"DRR028286","GGACTCCT-ACTGCATA","RNhi10372","DRX019712","F05","1772-062-249","1772-062-249_F05"
"DRR028287","GGACTCCT-AGAGTAGA","RNhi10372","DRX019712","D05","1772-062-249","1772-062-249_D05"
"DRR028288","GGACTCCT-CTAAGCCT","RNhi10372","DRX019712","H05","1772-062-249","1772-062-249_H05"
"DRR028289","GGACTCCT-CTCTCTAT","RNhi10372","DRX019712","B05","1772-062-249","1772-062-249_B05"
"DRR028290","GGACTCCT-GTAAGGAG","RNhi10372","DRX019712","E05","1772-062-249","1772-062-249_E05"
"DRR028291","GGACTCCT-TAGATCGC","RNhi10372","DRX019712","A05","1772-062-249","1772-062-249_A05"
"DRR028292","GGACTCCT-TATCCTCT","RNhi10372","DRX019712","C05","1772-062-249","1772-062-249_C05"
"DRR028293","GTAGAGGA-AAGGAGTA","RNhi10372","DRX019712","G12","1772-062-249","1772-062-249_G12"
"DRR028294","GTAGAGGA-ACTGCATA","RNhi10372","DRX019712","F12","1772-062-249","1772-062-249_F12"
"DRR028295","GTAGAGGA-AGAGTAGA","RNhi10372","DRX019712","D12","1772-062-249","1772-062-249_D12"
"DRR028296","GTAGAGGA-CTAAGCCT","RNhi10372","DRX019712","H12","1772-062-249","1772-062-249_H12"
"DRR028297","GTAGAGGA-CTCTCTAT","RNhi10372","DRX019712","B12","1772-062-249","1772-062-249_B12"
"DRR028298","GTAGAGGA-GTAAGGAG","RNhi10372","DRX019712","E12","1772-062-249","1772-062-249_E12"
"DRR028299","GTAGAGGA-TAGATCGC","RNhi10372","DRX019712","A12","1772-062-249","1772-062-249_A12"
"DRR028300","GTAGAGGA-TATCCTCT","RNhi10372","DRX019712","C12","1772-062-249","1772-062-249_C12"
"DRR028301","TAAGGCGA-AAGGAGTA","RNhi10372","DRX019712","G01","1772-062-249","1772-062-249_G01"
"DRR028302","TAAGGCGA-ACTGCATA","RNhi10372","DRX019712","F01","1772-062-249","1772-062-249_F01"
"DRR028303","TAAGGCGA-AGAGTAGA","RNhi10372","DRX019712","D01","1772-062-249","1772-062-249_D01"
"DRR028304","TAAGGCGA-CTAAGCCT","RNhi10372","DRX019712","H01","1772-062-249","1772-062-249_H01"
"DRR028305","TAAGGCGA-CTCTCTAT","RNhi10372","DRX019712","B01","1772-062-249","1772-062-249_B01"
"DRR028306","TAAGGCGA-GTAAGGAG","RNhi10372","DRX019712","E01","1772-062-249","1772-062-249_E01"
"DRR028307","TAAGGCGA-TAGATCGC","RNhi10372","DRX019712","A01","1772-062-249","1772-062-249_A01"
"DRR028308","TAAGGCGA-TATCCTCT","RNhi10372","DRX019712","C01","1772-062-249","1772-062-249_C01"
"DRR028309","TAGGCATG-AAGGAGTA","RNhi10372","DRX019712","G06","1772-062-249","1772-062-249_G06"
"DRR028310","TAGGCATG-ACTGCATA","RNhi10372","DRX019712","F06","1772-062-249","1772-062-249_F06"
"DRR028311","TAGGCATG-AGAGTAGA","RNhi10372","DRX019712","D06","1772-062-249","1772-062-249_D06"
"DRR028312","TAGGCATG-CTAAGCCT","RNhi10372","DRX019712","H06","1772-062-249","1772-062-249_H06"
"DRR028313","TAGGCATG-CTCTCTAT","RNhi10372","DRX019712","B06","1772-062-249","1772-062-249_B06"
"DRR028314","TAGGCATG-GTAAGGAG","RNhi10372","DRX019712","E06","1772-062-249","1772-062-249_E06"
"DRR028315","TAGGCATG-TAGATCGC","RNhi10372","DRX019712","A06","1772-062-249","1772-062-249_A06"
"DRR028316","TAGGCATG-TATCCTCT","RNhi10372","DRX019712","C06","1772-062-249","1772-062-249_C06"
"DRR028317","TCCTGAGC-AAGGAGTA","RNhi10372","DRX019712","G04","1772-062-249","1772-062-249_G04"
"DRR028318","TCCTGAGC-ACTGCATA","RNhi10372","DRX019712","F04","1772-062-249","1772-062-249_F04"
"DRR028319","TCCTGAGC-AGAGTAGA","RNhi10372","DRX019712","D04","1772-062-249","1772-062-249_D04"
"DRR028320","TCCTGAGC-CTAAGCCT","RNhi10372","DRX019712","H04","1772-062-249","1772-062-249_H04"
"DRR028321","TCCTGAGC-CTCTCTAT","RNhi10372","DRX019712","B04","1772-062-249","1772-062-249_B04"
"DRR028322","TCCTGAGC-GTAAGGAG","RNhi10372","DRX019712","E04","1772-062-249","1772-062-249_E04"
"DRR028323","TCCTGAGC-TAGATCGC","RNhi10372","DRX019712","A04","1772-062-249","1772-062-249_A04"
"DRR028324","TCCTGAGC-TATCCTCT","RNhi10372","DRX019712","C04","1772-062-249","1772-062-249_C04"
"DRR028517","TAAGGCGA-TAGATCGC","RNhi10395","DRX019713","A01","1772-064-103","1772-064-103_A01"
"DRR028518","CGTACTAG-TAGATCGC","RNhi10395","DRX019713","A02","1772-064-103","1772-064-103_A02"
"DRR028519","AGGCAGAA-TAGATCGC","RNhi10395","DRX019713","A03","1772-064-103","1772-064-103_A03"
"DRR028520","TCCTGAGC-TAGATCGC","RNhi10395","DRX019713","A04","1772-064-103","1772-064-103_A04"
"DRR028521","GGACTCCT-TAGATCGC","RNhi10395","DRX019713","A05","1772-064-103","1772-064-103_A05"
"DRR028522","TAGGCATG-TAGATCGC","RNhi10395","DRX019713","A06","1772-064-103","1772-064-103_A06"
"DRR028523","CTCTCTAC-TAGATCGC","RNhi10395","DRX019713","A07","1772-064-103","1772-064-103_A07"
"DRR028524","CAGAGAGG-TAGATCGC","RNhi10395","DRX019713","A08","1772-064-103","1772-064-103_A08"
"DRR028525","CGAGGCTG-TAGATCGC","RNhi10395","DRX019713","A10","1772-064-103","1772-064-103_A10"
"DRR028526","AAGAGGCA-TAGATCGC","RNhi10395","DRX019713","A11","1772-064-103","1772-064-103_A11"
"DRR028527","GTAGAGGA-TAGATCGC","RNhi10395","DRX019713","A12","1772-064-103","1772-064-103_A12"
"DRR028528","TAAGGCGA-CTCTCTAT","RNhi10395","DRX019713","B01","1772-064-103","1772-064-103_B01"
"DRR028529","CGTACTAG-CTCTCTAT","RNhi10395","DRX019713","B02","1772-064-103","1772-064-103_B02"
"DRR028530","AGGCAGAA-CTCTCTAT","RNhi10395","DRX019713","B03","1772-064-103","1772-064-103_B03"
"DRR028531","TCCTGAGC-CTCTCTAT","RNhi10395","DRX019713","B04","1772-064-103","1772-064-103_B04"
"DRR028532","GGACTCCT-CTCTCTAT","RNhi10395","DRX019713","B05","1772-064-103","1772-064-103_B05"
"DRR028533","TAGGCATG-CTCTCTAT","RNhi10395","DRX019713","B06","1772-064-103","1772-064-103_B06"
"DRR028534","CTCTCTAC-CTCTCTAT","RNhi10395","DRX019713","B07","1772-064-103","1772-064-103_B07"
"DRR028535","CAGAGAGG-CTCTCTAT","RNhi10395","DRX019713","B08","1772-064-103","1772-064-103_B08"
"DRR028536","CGAGGCTG-CTCTCTAT","RNhi10395","DRX019713","B10","1772-064-103","1772-064-103_B10"
"DRR028537","AAGAGGCA-CTCTCTAT","RNhi10395","DRX019713","B11","1772-064-103","1772-064-103_B11"
"DRR028538","GTAGAGGA-CTCTCTAT","RNhi10395","DRX019713","B12","1772-064-103","1772-064-103_B12"
"DRR028539","TAAGGCGA-TATCCTCT","RNhi10395","DRX019713","C01","1772-064-103","1772-064-103_C01"
"DRR028540","CGTACTAG-TATCCTCT","RNhi10395","DRX019713","C02","1772-064-103","1772-064-103_C02"
"DRR028541","AGGCAGAA-TATCCTCT","RNhi10395","DRX019713","C03","1772-064-103","1772-064-103_C03"
"DRR028542","TCCTGAGC-TATCCTCT","RNhi10395","DRX019713","C04","1772-064-103","1772-064-103_C04"
"DRR028543","GGACTCCT-TATCCTCT","RNhi10395","DRX019713","C05","1772-064-103","1772-064-103_C05"
"DRR028544","TAGGCATG-TATCCTCT","RNhi10395","DRX019713","C06","1772-064-103","1772-064-103_C06"
"DRR028545","CTCTCTAC-TATCCTCT","RNhi10395","DRX019713","C07","1772-064-103","1772-064-103_C07"
"DRR028546","CAGAGAGG-TATCCTCT","RNhi10395","DRX019713","C08","1772-064-103","1772-064-103_C08"
"DRR028547","CGAGGCTG-TATCCTCT","RNhi10395","DRX019713","C10","1772-064-103","1772-064-103_C10"
"DRR028548","AAGAGGCA-TATCCTCT","RNhi10395","DRX019713","C11","1772-064-103","1772-064-103_C11"
"DRR028549","GTAGAGGA-TATCCTCT","RNhi10395","DRX019713","C12","1772-064-103","1772-064-103_C12"
"DRR028550","TAAGGCGA-AGAGTAGA","RNhi10395","DRX019713","D01","1772-064-103","1772-064-103_D01"
"DRR028551","CGTACTAG-AGAGTAGA","RNhi10395","DRX019713","D02","1772-064-103","1772-064-103_D02"
"DRR028552","AGGCAGAA-AGAGTAGA","RNhi10395","DRX019713","D03","1772-064-103","1772-064-103_D03"
"DRR028553","TCCTGAGC-AGAGTAGA","RNhi10395","DRX019713","D04","1772-064-103","1772-064-103_D04"
"DRR028554","GGACTCCT-AGAGTAGA","RNhi10395","DRX019713","D05","1772-064-103","1772-064-103_D05"
"DRR028555","TAGGCATG-AGAGTAGA","RNhi10395","DRX019713","D06","1772-064-103","1772-064-103_D06"
"DRR028556","CTCTCTAC-AGAGTAGA","RNhi10395","DRX019713","D07","1772-064-103","1772-064-103_D07"
"DRR028557","CAGAGAGG-AGAGTAGA","RNhi10395","DRX019713","D08","1772-064-103","1772-064-103_D08"
"DRR028558","CGAGGCTG-AGAGTAGA","RNhi10395","DRX019713","D10","1772-064-103","1772-064-103_D10"
"DRR028559","AAGAGGCA-AGAGTAGA","RNhi10395","DRX019713","D11","1772-064-103","1772-064-103_D11"
"DRR028560","GTAGAGGA-AGAGTAGA","RNhi10395","DRX019713","D12","1772-064-103","1772-064-103_D12"
"DRR028561","TAAGGCGA-GTAAGGAG","RNhi10395","DRX019713","E01","1772-064-103","1772-064-103_E01"
"DRR028562","CGTACTAG-GTAAGGAG","RNhi10395","DRX019713","E02","1772-064-103","1772-064-103_E02"
"DRR028563","AGGCAGAA-GTAAGGAG","RNhi10395","DRX019713","E03","1772-064-103","1772-064-103_E03"
"DRR028564","TCCTGAGC-GTAAGGAG","RNhi10395","DRX019713","E04","1772-064-103","1772-064-103_E04"
"DRR028565","GGACTCCT-GTAAGGAG","RNhi10395","DRX019713","E05","1772-064-103","1772-064-103_E05"
"DRR028566","TAGGCATG-GTAAGGAG","RNhi10395","DRX019713","E06","1772-064-103","1772-064-103_E06"
"DRR028567","CTCTCTAC-GTAAGGAG","RNhi10395","DRX019713","E07","1772-064-103","1772-064-103_E07"
"DRR028568","CAGAGAGG-GTAAGGAG","RNhi10395","DRX019713","E08","1772-064-103","1772-064-103_E08"
"DRR028569","CGAGGCTG-GTAAGGAG","RNhi10395","DRX019713","E10","1772-064-103","1772-064-103_E10"
"DRR028570","AAGAGGCA-GTAAGGAG","RNhi10395","DRX019713","E11","1772-064-103","1772-064-103_E11"
"DRR028571","GTAGAGGA-GTAAGGAG","RNhi10395","DRX019713","E12","1772-064-103","1772-064-103_E12"
"DRR028572","TAAGGCGA-ACTGCATA","RNhi10395","DRX019713","F01","1772-064-103","1772-064-103_F01"
"DRR028573","CGTACTAG-ACTGCATA","RNhi10395","DRX019713","F02","1772-064-103","1772-064-103_F02"
"DRR028574","AGGCAGAA-ACTGCATA","RNhi10395","DRX019713","F03","1772-064-103","1772-064-103_F03"
"DRR028575","TCCTGAGC-ACTGCATA","RNhi10395","DRX019713","F04","1772-064-103","1772-064-103_F04"
"DRR028576","GGACTCCT-ACTGCATA","RNhi10395","DRX019713","F05","1772-064-103","1772-064-103_F05"
"DRR028577","TAGGCATG-ACTGCATA","RNhi10395","DRX019713","F06","1772-064-103","1772-064-103_F06"
"DRR028578","CTCTCTAC-ACTGCATA","RNhi10395","DRX019713","F07","1772-064-103","1772-064-103_F07"
"DRR028579","CAGAGAGG-ACTGCATA","RNhi10395","DRX019713","F08","1772-064-103","1772-064-103_F08"
"DRR028580","CGAGGCTG-ACTGCATA","RNhi10395","DRX019713","F10","1772-064-103","1772-064-103_F10"
"DRR028581","AAGAGGCA-ACTGCATA","RNhi10395","DRX019713","F11","1772-064-103","1772-064-103_F11"
"DRR028582","GTAGAGGA-ACTGCATA","RNhi10395","DRX019713","F12","1772-064-103","1772-064-103_F12"
"DRR028583","TAAGGCGA-AAGGAGTA","RNhi10395","DRX019713","G01","1772-064-103","1772-064-103_G01"
"DRR028584","CGTACTAG-AAGGAGTA","RNhi10395","DRX019713","G02","1772-064-103","1772-064-103_G02"
"DRR028585","AGGCAGAA-AAGGAGTA","RNhi10395","DRX019713","G03","1772-064-103","1772-064-103_G03"
"DRR028586","TCCTGAGC-AAGGAGTA","RNhi10395","DRX019713","G04","1772-064-103","1772-064-103_G04"
"DRR028587","GGACTCCT-AAGGAGTA","RNhi10395","DRX019713","G05","1772-064-103","1772-064-103_G05"
"DRR028588","TAGGCATG-AAGGAGTA","RNhi10395","DRX019713","G06","1772-064-103","1772-064-103_G06"
"DRR028589","CTCTCTAC-AAGGAGTA","RNhi10395","DRX019713","G07","1772-064-103","1772-064-103_G07"
"DRR028590","CAGAGAGG-AAGGAGTA","RNhi10395","DRX019713","G08","1772-064-103","1772-064-103_G08"
"DRR028591","CGAGGCTG-AAGGAGTA","RNhi10395","DRX019713","G10","1772-064-103","1772-064-103_G10"
"DRR028592","AAGAGGCA-AAGGAGTA","RNhi10395","DRX019713","G11","1772-064-103","1772-064-103_G11"
"DRR028593","GTAGAGGA-AAGGAGTA","RNhi10395","DRX019713","G12","1772-064-103","1772-064-103_G12"
"DRR028594","TAAGGCGA-CTAAGCCT","RNhi10395","DRX019713","H01","1772-064-103","1772-064-103_H01"
"DRR028595","CGTACTAG-CTAAGCCT","RNhi10395","DRX019713","H02","1772-064-103","1772-064-103_H02"
"DRR028596","AGGCAGAA-CTAAGCCT","RNhi10395","DRX019713","H03","1772-064-103","1772-064-103_H03"
"DRR028597","TCCTGAGC-CTAAGCCT","RNhi10395","DRX019713","H04","1772-064-103","1772-064-103_H04"
"DRR028598","GGACTCCT-CTAAGCCT","RNhi10395","DRX019713","H05","1772-064-103","1772-064-103_H05"
"DRR028599","TAGGCATG-CTAAGCCT","RNhi10395","DRX019713","H06","1772-064-103","1772-064-103_H06"
"DRR028600","CTCTCTAC-CTAAGCCT","RNhi10395","DRX019713","H07","1772-064-103","1772-064-103_H07"
"DRR028601","CAGAGAGG-CTAAGCCT","RNhi10395","DRX019713","H08","1772-064-103","1772-064-103_H08"
"DRR028602","CGAGGCTG-CTAAGCCT","RNhi10395","DRX019713","H10","1772-064-103","1772-064-103_H10"
"DRR028603","AAGAGGCA-CTAAGCCT","RNhi10395","DRX019713","H11","1772-064-103","1772-064-103_H11"
"DRR028604","GTAGAGGA-CTAAGCCT","RNhi10395","DRX019713","H12","1772-064-103","1772-064-103_H12"
"DRR028325","TAAGGCGA-TAGATCGC","RNhi10396","DRX019714","A01","1772-067-038","1772-067-038_A01"
"DRR028326","CGTACTAG-TAGATCGC","RNhi10396","DRX019714","A02","1772-067-038","1772-067-038_A02"
"DRR028327","AGGCAGAA-TAGATCGC","RNhi10396","DRX019714","A03","1772-067-038","1772-067-038_A03"
"DRR028328","TCCTGAGC-TAGATCGC","RNhi10396","DRX019714","A04","1772-067-038","1772-067-038_A04"
"DRR028329","GGACTCCT-TAGATCGC","RNhi10396","DRX019714","A05","1772-067-038","1772-067-038_A05"
"DRR028330","TAGGCATG-TAGATCGC","RNhi10396","DRX019714","A06","1772-067-038","1772-067-038_A06"
"DRR028331","CTCTCTAC-TAGATCGC","RNhi10396","DRX019714","A07","1772-067-038","1772-067-038_A07"
"DRR028332","CAGAGAGG-TAGATCGC","RNhi10396","DRX019714","A08","1772-067-038","1772-067-038_A08"
"DRR028333","GCTACGCT-TAGATCGC","RNhi10396","DRX019714","A09","1772-067-038","1772-067-038_A09"
"DRR028334","CGAGGCTG-TAGATCGC","RNhi10396","DRX019714","A10","1772-067-038","1772-067-038_A10"
"DRR028335","AAGAGGCA-TAGATCGC","RNhi10396","DRX019714","A11","1772-067-038","1772-067-038_A11"
"DRR028336","GTAGAGGA-TAGATCGC","RNhi10396","DRX019714","A12","1772-067-038","1772-067-038_A12"
"DRR028337","TAAGGCGA-CTCTCTAT","RNhi10396","DRX019714","B01","1772-067-038","1772-067-038_B01"
"DRR028338","CGTACTAG-CTCTCTAT","RNhi10396","DRX019714","B02","1772-067-038","1772-067-038_B02"
"DRR028339","AGGCAGAA-CTCTCTAT","RNhi10396","DRX019714","B03","1772-067-038","1772-067-038_B03"
"DRR028340","TCCTGAGC-CTCTCTAT","RNhi10396","DRX019714","B04","1772-067-038","1772-067-038_B04"
"DRR028341","GGACTCCT-CTCTCTAT","RNhi10396","DRX019714","B05","1772-067-038","1772-067-038_B05"
"DRR028342","TAGGCATG-CTCTCTAT","RNhi10396","DRX019714","B06","1772-067-038","1772-067-038_B06"
"DRR028343","CTCTCTAC-CTCTCTAT","RNhi10396","DRX019714","B07","1772-067-038","1772-067-038_B07"
"DRR028344","CAGAGAGG-CTCTCTAT","RNhi10396","DRX019714","B08","1772-067-038","1772-067-038_B08"
"DRR028345","GCTACGCT-CTCTCTAT","RNhi10396","DRX019714","B09","1772-067-038","1772-067-038_B09"
"DRR028346","CGAGGCTG-CTCTCTAT","RNhi10396","DRX019714","B10","1772-067-038","1772-067-038_B10"
"DRR028347","AAGAGGCA-CTCTCTAT","RNhi10396","DRX019714","B11","1772-067-038","1772-067-038_B11"
"DRR028348","GTAGAGGA-CTCTCTAT","RNhi10396","DRX019714","B12","1772-067-038","1772-067-038_B12"
"DRR028349","TAAGGCGA-TATCCTCT","RNhi10396","DRX019714","C01","1772-067-038","1772-067-038_C01"
"DRR028350","CGTACTAG-TATCCTCT","RNhi10396","DRX019714","C02","1772-067-038","1772-067-038_C02"
"DRR028351","AGGCAGAA-TATCCTCT","RNhi10396","DRX019714","C03","1772-067-038","1772-067-038_C03"
"DRR028352","TCCTGAGC-TATCCTCT","RNhi10396","DRX019714","C04","1772-067-038","1772-067-038_C04"
"DRR028353","GGACTCCT-TATCCTCT","RNhi10396","DRX019714","C05","1772-067-038","1772-067-038_C05"
"DRR028354","TAGGCATG-TATCCTCT","RNhi10396","DRX019714","C06","1772-067-038","1772-067-038_C06"
"DRR028355","CTCTCTAC-TATCCTCT","RNhi10396","DRX019714","C07","1772-067-038","1772-067-038_C07"
"DRR028356","CAGAGAGG-TATCCTCT","RNhi10396","DRX019714","C08","1772-067-038","1772-067-038_C08"
"DRR028357","GCTACGCT-TATCCTCT","RNhi10396","DRX019714","C09","1772-067-038","1772-067-038_C09"
"DRR028358","CGAGGCTG-TATCCTCT","RNhi10396","DRX019714","C10","1772-067-038","1772-067-038_C10"
"DRR028359","AAGAGGCA-TATCCTCT","RNhi10396","DRX019714","C11","1772-067-038","1772-067-038_C11"
"DRR028360","GTAGAGGA-TATCCTCT","RNhi10396","DRX019714","C12","1772-067-038","1772-067-038_C12"
"DRR028361","TAAGGCGA-AGAGTAGA","RNhi10396","DRX019714","D01","1772-067-038","1772-067-038_D01"
"DRR028362","CGTACTAG-AGAGTAGA","RNhi10396","DRX019714","D02","1772-067-038","1772-067-038_D02"
"DRR028363","AGGCAGAA-AGAGTAGA","RNhi10396","DRX019714","D03","1772-067-038","1772-067-038_D03"
"DRR028364","TCCTGAGC-AGAGTAGA","RNhi10396","DRX019714","D04","1772-067-038","1772-067-038_D04"
"DRR028365","GGACTCCT-AGAGTAGA","RNhi10396","DRX019714","D05","1772-067-038","1772-067-038_D05"
"DRR028366","TAGGCATG-AGAGTAGA","RNhi10396","DRX019714","D06","1772-067-038","1772-067-038_D06"
"DRR028367","CTCTCTAC-AGAGTAGA","RNhi10396","DRX019714","D07","1772-067-038","1772-067-038_D07"
"DRR028368","CAGAGAGG-AGAGTAGA","RNhi10396","DRX019714","D08","1772-067-038","1772-067-038_D08"
"DRR028369","GCTACGCT-AGAGTAGA","RNhi10396","DRX019714","D09","1772-067-038","1772-067-038_D09"
"DRR028370","CGAGGCTG-AGAGTAGA","RNhi10396","DRX019714","D10","1772-067-038","1772-067-038_D10"
"DRR028371","AAGAGGCA-AGAGTAGA","RNhi10396","DRX019714","D11","1772-067-038","1772-067-038_D11"
"DRR028372","GTAGAGGA-AGAGTAGA","RNhi10396","DRX019714","D12","1772-067-038","1772-067-038_D12"
"DRR028373","TAAGGCGA-GTAAGGAG","RNhi10396","DRX019714","E01","1772-067-038","1772-067-038_E01"
"DRR028374","CGTACTAG-GTAAGGAG","RNhi10396","DRX019714","E02","1772-067-038","1772-067-038_E02"
"DRR028375","AGGCAGAA-GTAAGGAG","RNhi10396","DRX019714","E03","1772-067-038","1772-067-038_E03"
"DRR028376","TCCTGAGC-GTAAGGAG","RNhi10396","DRX019714","E04","1772-067-038","1772-067-038_E04"
"DRR028377","GGACTCCT-GTAAGGAG","RNhi10396","DRX019714","E05","1772-067-038","1772-067-038_E05"
"DRR028378","TAGGCATG-GTAAGGAG","RNhi10396","DRX019714","E06","1772-067-038","1772-067-038_E06"
"DRR028379","CTCTCTAC-GTAAGGAG","RNhi10396","DRX019714","E07","1772-067-038","1772-067-038_E07"
"DRR028380","CAGAGAGG-GTAAGGAG","RNhi10396","DRX019714","E08","1772-067-038","1772-067-038_E08"
"DRR028381","GCTACGCT-GTAAGGAG","RNhi10396","DRX019714","E09","1772-067-038","1772-067-038_E09"
"DRR028382","CGAGGCTG-GTAAGGAG","RNhi10396","DRX019714","E10","1772-067-038","1772-067-038_E10"
"DRR028383","AAGAGGCA-GTAAGGAG","RNhi10396","DRX019714","E11","1772-067-038","1772-067-038_E11"
"DRR028384","GTAGAGGA-GTAAGGAG","RNhi10396","DRX019714","E12","1772-067-038","1772-067-038_E12"
"DRR028385","TAAGGCGA-ACTGCATA","RNhi10396","DRX019714","F01","1772-067-038","1772-067-038_F01"
"DRR028386","CGTACTAG-ACTGCATA","RNhi10396","DRX019714","F02","1772-067-038","1772-067-038_F02"
"DRR028387","AGGCAGAA-ACTGCATA","RNhi10396","DRX019714","F03","1772-067-038","1772-067-038_F03"
"DRR028388","TCCTGAGC-ACTGCATA","RNhi10396","DRX019714","F04","1772-067-038","1772-067-038_F04"
"DRR028389","GGACTCCT-ACTGCATA","RNhi10396","DRX019714","F05","1772-067-038","1772-067-038_F05"
"DRR028390","TAGGCATG-ACTGCATA","RNhi10396","DRX019714","F06","1772-067-038","1772-067-038_F06"
"DRR028391","CTCTCTAC-ACTGCATA","RNhi10396","DRX019714","F07","1772-067-038","1772-067-038_F07"
"DRR028392","CAGAGAGG-ACTGCATA","RNhi10396","DRX019714","F08","1772-067-038","1772-067-038_F08"
"DRR028393","GCTACGCT-ACTGCATA","RNhi10396","DRX019714","F09","1772-067-038","1772-067-038_F09"
"DRR028394","CGAGGCTG-ACTGCATA","RNhi10396","DRX019714","F10","1772-067-038","1772-067-038_F10"
"DRR028395","AAGAGGCA-ACTGCATA","RNhi10396","DRX019714","F11","1772-067-038","1772-067-038_F11"
"DRR028396","GTAGAGGA-ACTGCATA","RNhi10396","DRX019714","F12","1772-067-038","1772-067-038_F12"
"DRR028397","TAAGGCGA-AAGGAGTA","RNhi10396","DRX019714","G01","1772-067-038","1772-067-038_G01"
"DRR028398","CGTACTAG-AAGGAGTA","RNhi10396","DRX019714","G02","1772-067-038","1772-067-038_G02"
"DRR028399","AGGCAGAA-AAGGAGTA","RNhi10396","DRX019714","G03","1772-067-038","1772-067-038_G03"
"DRR028400","TCCTGAGC-AAGGAGTA","RNhi10396","DRX019714","G04","1772-067-038","1772-067-038_G04"
"DRR028401","GGACTCCT-AAGGAGTA","RNhi10396","DRX019714","G05","1772-067-038","1772-067-038_G05"
"DRR028402","TAGGCATG-AAGGAGTA","RNhi10396","DRX019714","G06","1772-067-038","1772-067-038_G06"
"DRR028403","CTCTCTAC-AAGGAGTA","RNhi10396","DRX019714","G07","1772-067-038","1772-067-038_G07"
"DRR028404","CAGAGAGG-AAGGAGTA","RNhi10396","DRX019714","G08","1772-067-038","1772-067-038_G08"
"DRR028405","GCTACGCT-AAGGAGTA","RNhi10396","DRX019714","G09","1772-067-038","1772-067-038_G09"
"DRR028406","CGAGGCTG-AAGGAGTA","RNhi10396","DRX019714","G10","1772-067-038","1772-067-038_G10"
"DRR028407","AAGAGGCA-AAGGAGTA","RNhi10396","DRX019714","G11","1772-067-038","1772-067-038_G11"
"DRR028408","GTAGAGGA-AAGGAGTA","RNhi10396","DRX019714","G12","1772-067-038","1772-067-038_G12"
"DRR028409","TAAGGCGA-CTAAGCCT","RNhi10396","DRX019714","H01","1772-067-038","1772-067-038_H01"
"DRR028410","CGTACTAG-CTAAGCCT","RNhi10396","DRX019714","H02","1772-067-038","1772-067-038_H02"
"DRR028411","AGGCAGAA-CTAAGCCT","RNhi10396","DRX019714","H03","1772-067-038","1772-067-038_H03"
"DRR028412","TCCTGAGC-CTAAGCCT","RNhi10396","DRX019714","H04","1772-067-038","1772-067-038_H04"
"DRR028413","GGACTCCT-CTAAGCCT","RNhi10396","DRX019714","H05","1772-067-038","1772-067-038_H05"
"DRR028414","TAGGCATG-CTAAGCCT","RNhi10396","DRX019714","H06","1772-067-038","1772-067-038_H06"
"DRR028415","CTCTCTAC-CTAAGCCT","RNhi10396","DRX019714","H07","1772-067-038","1772-067-038_H07"
"DRR028416","CAGAGAGG-CTAAGCCT","RNhi10396","DRX019714","H08","1772-067-038","1772-067-038_H08"
"DRR028417","GCTACGCT-CTAAGCCT","RNhi10396","DRX019714","H09","1772-067-038","1772-067-038_H09"
"DRR028418","CGAGGCTG-CTAAGCCT","RNhi10396","DRX019714","H10","1772-067-038","1772-067-038_H10"
"DRR028419","AAGAGGCA-CTAAGCCT","RNhi10396","DRX019714","H11","1772-067-038","1772-067-038_H11"
"DRR028420","GTAGAGGA-CTAAGCCT","RNhi10396","DRX019714","H12","1772-067-038","1772-067-038_H12"
"DRR028421","TAAGGCGA-TAGATCGC","RNhi10397","DRX019715","A01","1772-067-039","1772-067-039_A01"
"DRR028422","CGTACTAG-TAGATCGC","RNhi10397","DRX019715","A02","1772-067-039","1772-067-039_A02"
"DRR028423","AGGCAGAA-TAGATCGC","RNhi10397","DRX019715","A03","1772-067-039","1772-067-039_A03"
"DRR028424","TCCTGAGC-TAGATCGC","RNhi10397","DRX019715","A04","1772-067-039","1772-067-039_A04"
"DRR028425","GGACTCCT-TAGATCGC","RNhi10397","DRX019715","A05","1772-067-039","1772-067-039_A05"
"DRR028426","TAGGCATG-TAGATCGC","RNhi10397","DRX019715","A06","1772-067-039","1772-067-039_A06"
"DRR028427","CTCTCTAC-TAGATCGC","RNhi10397","DRX019715","A07","1772-067-039","1772-067-039_A07"
"DRR028428","CAGAGAGG-TAGATCGC","RNhi10397","DRX019715","A08","1772-067-039","1772-067-039_A08"
"DRR028429","GCTACGCT-TAGATCGC","RNhi10397","DRX019715","A09","1772-067-039","1772-067-039_A09"
"DRR028430","CGAGGCTG-TAGATCGC","RNhi10397","DRX019715","A10","1772-067-039","1772-067-039_A10"
"DRR028431","AAGAGGCA-TAGATCGC","RNhi10397","DRX019715","A11","1772-067-039","1772-067-039_A11"
"DRR028432","GTAGAGGA-TAGATCGC","RNhi10397","DRX019715","A12","1772-067-039","1772-067-039_A12"
"DRR028433","TAAGGCGA-CTCTCTAT","RNhi10397","DRX019715","B01","1772-067-039","1772-067-039_B01"
"DRR028434","CGTACTAG-CTCTCTAT","RNhi10397","DRX019715","B02","1772-067-039","1772-067-039_B02"
"DRR028435","AGGCAGAA-CTCTCTAT","RNhi10397","DRX019715","B03","1772-067-039","1772-067-039_B03"
"DRR028436","TCCTGAGC-CTCTCTAT","RNhi10397","DRX019715","B04","1772-067-039","1772-067-039_B04"
"DRR028437","GGACTCCT-CTCTCTAT","RNhi10397","DRX019715","B05","1772-067-039","1772-067-039_B05"
"DRR028438","TAGGCATG-CTCTCTAT","RNhi10397","DRX019715","B06","1772-067-039","1772-067-039_B06"
"DRR028439","CTCTCTAC-CTCTCTAT","RNhi10397","DRX019715","B07","1772-067-039","1772-067-039_B07"
"DRR028440","CAGAGAGG-CTCTCTAT","RNhi10397","DRX019715","B08","1772-067-039","1772-067-039_B08"
"DRR028441","GCTACGCT-CTCTCTAT","RNhi10397","DRX019715","B09","1772-067-039","1772-067-039_B09"
"DRR028442","CGAGGCTG-CTCTCTAT","RNhi10397","DRX019715","B10","1772-067-039","1772-067-039_B10"
"DRR028443","AAGAGGCA-CTCTCTAT","RNhi10397","DRX019715","B11","1772-067-039","1772-067-039_B11"
"DRR028444","GTAGAGGA-CTCTCTAT","RNhi10397","DRX019715","B12","1772-067-039","1772-067-039_B12"
"DRR028445","TAAGGCGA-TATCCTCT","RNhi10397","DRX019715","C01","1772-067-039","1772-067-039_C01"
"DRR028446","CGTACTAG-TATCCTCT","RNhi10397","DRX019715","C02","1772-067-039","1772-067-039_C02"
"DRR028447","AGGCAGAA-TATCCTCT","RNhi10397","DRX019715","C03","1772-067-039","1772-067-039_C03"
"DRR028448","TCCTGAGC-TATCCTCT","RNhi10397","DRX019715","C04","1772-067-039","1772-067-039_C04"
"DRR028449","GGACTCCT-TATCCTCT","RNhi10397","DRX019715","C05","1772-067-039","1772-067-039_C05"
"DRR028450","TAGGCATG-TATCCTCT","RNhi10397","DRX019715","C06","1772-067-039","1772-067-039_C06"
"DRR028451","CTCTCTAC-TATCCTCT","RNhi10397","DRX019715","C07","1772-067-039","1772-067-039_C07"
"DRR028452","CAGAGAGG-TATCCTCT","RNhi10397","DRX019715","C08","1772-067-039","1772-067-039_C08"
"DRR028453","GCTACGCT-TATCCTCT","RNhi10397","DRX019715","C09","1772-067-039","1772-067-039_C09"
"DRR028454","CGAGGCTG-TATCCTCT","RNhi10397","DRX019715","C10","1772-067-039","1772-067-039_C10"
"DRR028455","AAGAGGCA-TATCCTCT","RNhi10397","DRX019715","C11","1772-067-039","1772-067-039_C11"
"DRR028456","GTAGAGGA-TATCCTCT","RNhi10397","DRX019715","C12","1772-067-039","1772-067-039_C12"
"DRR028457","TAAGGCGA-AGAGTAGA","RNhi10397","DRX019715","D01","1772-067-039","1772-067-039_D01"
"DRR028458","CGTACTAG-AGAGTAGA","RNhi10397","DRX019715","D02","1772-067-039","1772-067-039_D02"
"DRR028459","AGGCAGAA-AGAGTAGA","RNhi10397","DRX019715","D03","1772-067-039","1772-067-039_D03"
"DRR028460","TCCTGAGC-AGAGTAGA","RNhi10397","DRX019715","D04","1772-067-039","1772-067-039_D04"
"DRR028461","GGACTCCT-AGAGTAGA","RNhi10397","DRX019715","D05","1772-067-039","1772-067-039_D05"
"DRR028462","TAGGCATG-AGAGTAGA","RNhi10397","DRX019715","D06","1772-067-039","1772-067-039_D06"
"DRR028463","CTCTCTAC-AGAGTAGA","RNhi10397","DRX019715","D07","1772-067-039","1772-067-039_D07"
"DRR028464","CAGAGAGG-AGAGTAGA","RNhi10397","DRX019715","D08","1772-067-039","1772-067-039_D08"
"DRR028465","GCTACGCT-AGAGTAGA","RNhi10397","DRX019715","D09","1772-067-039","1772-067-039_D09"
"DRR028466","CGAGGCTG-AGAGTAGA","RNhi10397","DRX019715","D10","1772-067-039","1772-067-039_D10"
"DRR028467","AAGAGGCA-AGAGTAGA","RNhi10397","DRX019715","D11","1772-067-039","1772-067-039_D11"
"DRR028468","GTAGAGGA-AGAGTAGA","RNhi10397","DRX019715","D12","1772-067-039","1772-067-039_D12"
"DRR028469","TAAGGCGA-GTAAGGAG","RNhi10397","DRX019715","E01","1772-067-039","1772-067-039_E01"
"DRR028470","CGTACTAG-GTAAGGAG","RNhi10397","DRX019715","E02","1772-067-039","1772-067-039_E02"
"DRR028471","AGGCAGAA-GTAAGGAG","RNhi10397","DRX019715","E03","1772-067-039","1772-067-039_E03"
"DRR028472","TCCTGAGC-GTAAGGAG","RNhi10397","DRX019715","E04","1772-067-039","1772-067-039_E04"
"DRR028473","GGACTCCT-GTAAGGAG","RNhi10397","DRX019715","E05","1772-067-039","1772-067-039_E05"
"DRR028474","TAGGCATG-GTAAGGAG","RNhi10397","DRX019715","E06","1772-067-039","1772-067-039_E06"
"DRR028475","CTCTCTAC-GTAAGGAG","RNhi10397","DRX019715","E07","1772-067-039","1772-067-039_E07"
"DRR028476","CAGAGAGG-GTAAGGAG","RNhi10397","DRX019715","E08","1772-067-039","1772-067-039_E08"
"DRR028477","GCTACGCT-GTAAGGAG","RNhi10397","DRX019715","E09","1772-067-039","1772-067-039_E09"
"DRR028478","CGAGGCTG-GTAAGGAG","RNhi10397","DRX019715","E10","1772-067-039","1772-067-039_E10"
"DRR028479","AAGAGGCA-GTAAGGAG","RNhi10397","DRX019715","E11","1772-067-039","1772-067-039_E11"
"DRR028480","GTAGAGGA-GTAAGGAG","RNhi10397","DRX019715","E12","1772-067-039","1772-067-039_E12"
"DRR028481","TAAGGCGA-ACTGCATA","RNhi10397","DRX019715","F01","1772-067-039","1772-067-039_F01"
"DRR028482","CGTACTAG-ACTGCATA","RNhi10397","DRX019715","F02","1772-067-039","1772-067-039_F02"
"DRR028483","AGGCAGAA-ACTGCATA","RNhi10397","DRX019715","F03","1772-067-039","1772-067-039_F03"
"DRR028484","TCCTGAGC-ACTGCATA","RNhi10397","DRX019715","F04","1772-067-039","1772-067-039_F04"
"DRR028485","GGACTCCT-ACTGCATA","RNhi10397","DRX019715","F05","1772-067-039","1772-067-039_F05"
"DRR028486","TAGGCATG-ACTGCATA","RNhi10397","DRX019715","F06","1772-067-039","1772-067-039_F06"
"DRR028487","CTCTCTAC-ACTGCATA","RNhi10397","DRX019715","F07","1772-067-039","1772-067-039_F07"
"DRR028488","CAGAGAGG-ACTGCATA","RNhi10397","DRX019715","F08","1772-067-039","1772-067-039_F08"
"DRR028489","GCTACGCT-ACTGCATA","RNhi10397","DRX019715","F09","1772-067-039","1772-067-039_F09"
"DRR028490","CGAGGCTG-ACTGCATA","RNhi10397","DRX019715","F10","1772-067-039","1772-067-039_F10"
"DRR028491","AAGAGGCA-ACTGCATA","RNhi10397","DRX019715","F11","1772-067-039","1772-067-039_F11"
"DRR028492","GTAGAGGA-ACTGCATA","RNhi10397","DRX019715","F12","1772-067-039","1772-067-039_F12"
"DRR028493","TAAGGCGA-AAGGAGTA","RNhi10397","DRX019715","G01","1772-067-039","1772-067-039_G01"
"DRR028494","CGTACTAG-AAGGAGTA","RNhi10397","DRX019715","G02","1772-067-039","1772-067-039_G02"
"DRR028495","AGGCAGAA-AAGGAGTA","RNhi10397","DRX019715","G03","1772-067-039","1772-067-039_G03"
"DRR028496","TCCTGAGC-AAGGAGTA","RNhi10397","DRX019715","G04","1772-067-039","1772-067-039_G04"
"DRR028497","GGACTCCT-AAGGAGTA","RNhi10397","DRX019715","G05","1772-067-039","1772-067-039_G05"
"DRR028498","TAGGCATG-AAGGAGTA","RNhi10397","DRX019715","G06","1772-067-039","1772-067-039_G06"
"DRR028499","CTCTCTAC-AAGGAGTA","RNhi10397","DRX019715","G07","1772-067-039","1772-067-039_G07"
"DRR028500","CAGAGAGG-AAGGAGTA","RNhi10397","DRX019715","G08","1772-067-039","1772-067-039_G08"
"DRR028501","GCTACGCT-AAGGAGTA","RNhi10397","DRX019715","G09","1772-067-039","1772-067-039_G09"
"DRR028502","CGAGGCTG-AAGGAGTA","RNhi10397","DRX019715","G10","1772-067-039","1772-067-039_G10"
"DRR028503","AAGAGGCA-AAGGAGTA","RNhi10397","DRX019715","G11","1772-067-039","1772-067-039_G11"
"DRR028504","GTAGAGGA-AAGGAGTA","RNhi10397","DRX019715","G12","1772-067-039","1772-067-039_G12"
"DRR028505","TAAGGCGA-CTAAGCCT","RNhi10397","DRX019715","H01","1772-067-039","1772-067-039_H01"
"DRR028506","CGTACTAG-CTAAGCCT","RNhi10397","DRX019715","H02","1772-067-039","1772-067-039_H02"
"DRR028507","AGGCAGAA-CTAAGCCT","RNhi10397","DRX019715","H03","1772-067-039","1772-067-039_H03"
"DRR028508","TCCTGAGC-CTAAGCCT","RNhi10397","DRX019715","H04","1772-067-039","1772-067-039_H04"
"DRR028509","GGACTCCT-CTAAGCCT","RNhi10397","DRX019715","H05","1772-067-039","1772-067-039_H05"
"DRR028510","TAGGCATG-CTAAGCCT","RNhi10397","DRX019715","H06","1772-067-039","1772-067-039_H06"
"DRR028511","CTCTCTAC-CTAAGCCT","RNhi10397","DRX019715","H07","1772-067-039","1772-067-039_H07"
"DRR028512","CAGAGAGG-CTAAGCCT","RNhi10397","DRX019715","H08","1772-067-039","1772-067-039_H08"
"DRR028513","GCTACGCT-CTAAGCCT","RNhi10397","DRX019715","H09","1772-067-039","1772-067-039_H09"
"DRR028514","CGAGGCTG-CTAAGCCT","RNhi10397","DRX019715","H10","1772-067-039","1772-067-039_H10"
"DRR028515","AAGAGGCA-CTAAGCCT","RNhi10397","DRX019715","H11","1772-067-039","1772-067-039_H11"
"DRR028516","GTAGAGGA-CTAAGCCT","RNhi10397","DRX019715","H12","1772-067-039","1772-067-039_H12"
