"Run","Lane","Sample.ID","Sample.Ref","Barcode","LSID","Project","Yield","Percent.PF","Reads","raw.clusters.per.lane","Perfect.Index.Reads","Q30.bases","Mean.Quality.Score","Well","Row","Column","Library","HiSeq_QC","cell_id"
"1772-067-038","1","RNhi10396-A01","custom","TAAGGCGA-TAGATCGC","LS2079","LS2079_RNhi10396_Lane1",516,100,3415890,1.2,100,75.97,30.68,"A01","A","01","RNhi10396",TRUE,"1772-067-038_A01"
"1772-067-038","1","RNhi10396-A02","custom","CGTACTAG-TAGATCGC","LS2079","LS2079_RNhi10396_Lane1",520,100,3444926,1.21,100,76.2,30.75,"A02","A","02","RNhi10396",TRUE,"1772-067-038_A02"
"1772-067-038","1","RNhi10396-A03","custom","AGGCAGAA-TAGATCGC","LS2079","LS2079_RNhi10396_Lane1",427,100,2829392,0.99,100,74.62,30.25,"A03","A","03","RNhi10396",TRUE,"1772-067-038_A03"
"1772-067-038","1","RNhi10396-A04","custom","TCCTGAGC-TAGATCGC","LS2079","LS2079_RNhi10396_Lane1",398,100,2635212,0.93,100,76.22,30.75,"A04","A","04","RNhi10396",TRUE,"1772-067-038_A04"
"1772-067-038","1","RNhi10396-A05","custom","GGACTCCT-TAGATCGC","LS2079","LS2079_RNhi10396_Lane1",6,100,37062,0.01,100,63.6,26.43,"A05","A","05","RNhi10396",FALSE,"1772-067-038_A05"
"1772-067-038","1","RNhi10396-A06","custom","TAGGCATG-TAGATCGC","LS2079","LS2079_RNhi10396_Lane1",5,100,31726,0.01,100,60.21,25.26,"A06","A","06","RNhi10396",FALSE,"1772-067-038_A06"
"1772-067-038","1","RNhi10396-A07","custom","CTCTCTAC-TAGATCGC","LS2079","LS2079_RNhi10396_Lane1",424,100,2807874,0.99,100,76.2,30.73,"A07","A","07","RNhi10396",TRUE,"1772-067-038_A07"
"1772-067-038","1","RNhi10396-A08","custom","CAGAGAGG-TAGATCGC","LS2079","LS2079_RNhi10396_Lane1",427,100,2827772,0.99,100,75.17,30.41,"A08","A","08","RNhi10396",TRUE,"1772-067-038_A08"
"1772-067-038","1","RNhi10396-A09","custom","GCTACGCT-TAGATCGC","LS2079","LS2079_RNhi10396_Lane1",420,100,2783144,0.98,100,77.01,30.98,"A09","A","09","RNhi10396",TRUE,"1772-067-038_A09"
"1772-067-038","1","RNhi10396-A10","custom","CGAGGCTG-TAGATCGC","LS2079","LS2079_RNhi10396_Lane1",403,100,2669666,0.94,100,75.62,30.57,"A10","A","10","RNhi10396",TRUE,"1772-067-038_A10"
"1772-067-038","1","RNhi10396-A11","custom","AAGAGGCA-TAGATCGC","LS2079","LS2079_RNhi10396_Lane1",450,100,2976950,1.05,100,75.77,30.58,"A11","A","11","RNhi10396",TRUE,"1772-067-038_A11"
"1772-067-038","1","RNhi10396-A12","custom","GTAGAGGA-TAGATCGC","LS2079","LS2079_RNhi10396_Lane1",546,100,3615558,1.27,100,76.55,30.85,"A12","A","12","RNhi10396",TRUE,"1772-067-038_A12"
"1772-067-038","1","RNhi10396-B01","custom","TAAGGCGA-CTCTCTAT","LS2079","LS2079_RNhi10396_Lane1",478,100,3162800,1.11,100,76.81,30.9,"B01","B","01","RNhi10396",TRUE,"1772-067-038_B01"
"1772-067-038","1","RNhi10396-B02","custom","CGTACTAG-CTCTCTAT","LS2079","LS2079_RNhi10396_Lane1",477,100,3160656,1.11,100,76.73,30.89,"B02","B","02","RNhi10396",TRUE,"1772-067-038_B02"
"1772-067-038","1","RNhi10396-B03","custom","AGGCAGAA-CTCTCTAT","LS2079","LS2079_RNhi10396_Lane1",501,100,3318646,1.17,100,76.56,30.84,"B03","B","03","RNhi10396",TRUE,"1772-067-038_B03"
"1772-067-038","1","RNhi10396-B04","custom","TCCTGAGC-CTCTCTAT","LS2079","LS2079_RNhi10396_Lane1",509,100,3372000,1.19,100,77.6,31.14,"B04","B","04","RNhi10396",TRUE,"1772-067-038_B04"
"1772-067-038","1","RNhi10396-B05","custom","GGACTCCT-CTCTCTAT","LS2079","LS2079_RNhi10396_Lane1",468,100,3101264,1.09,100,77.52,31.1,"B05","B","05","RNhi10396",TRUE,"1772-067-038_B05"
"1772-067-038","1","RNhi10396-B06","custom","TAGGCATG-CTCTCTAT","LS2079","LS2079_RNhi10396_Lane1",471,100,3119282,1.1,100,77.42,31.1,"B06","B","06","RNhi10396",TRUE,"1772-067-038_B06"
"1772-067-038","1","RNhi10396-B07","custom","CTCTCTAC-CTCTCTAT","LS2079","LS2079_RNhi10396_Lane1",616,100,4079390,1.43,100,77.57,31.15,"B07","B","07","RNhi10396",TRUE,"1772-067-038_B07"
"1772-067-038","1","RNhi10396-B08","custom","CAGAGAGG-CTCTCTAT","LS2079","LS2079_RNhi10396_Lane1",3,100,17352,0.01,100,54.46,23.2,"B08","B","08","RNhi10396",FALSE,"1772-067-038_B08"
"1772-067-038","1","RNhi10396-B09","custom","GCTACGCT-CTCTCTAT","LS2079","LS2079_RNhi10396_Lane1",432,100,2863140,1.01,100,78.39,31.38,"B09","B","09","RNhi10396",TRUE,"1772-067-038_B09"
"1772-067-038","1","RNhi10396-B10","custom","CGAGGCTG-CTCTCTAT","LS2079","LS2079_RNhi10396_Lane1",4,100,24248,0.01,100,57,24.08,"B10","B","10","RNhi10396",FALSE,"1772-067-038_B10"
"1772-067-038","1","RNhi10396-B11","custom","AAGAGGCA-CTCTCTAT","LS2079","LS2079_RNhi10396_Lane1",475,100,3145538,1.11,100,77.34,31.05,"B11","B","11","RNhi10396",TRUE,"1772-067-038_B11"
"1772-067-038","1","RNhi10396-B12","custom","GTAGAGGA-CTCTCTAT","LS2079","LS2079_RNhi10396_Lane1",576,100,3817100,1.34,100,77.8,31.2,"B12","B","12","RNhi10396",TRUE,"1772-067-038_B12"
"1772-067-038","1","RNhi10396-C01","custom","TAAGGCGA-TATCCTCT","LS2079","LS2079_RNhi10396_Lane1",576,100,3817402,1.34,100,77.16,31.02,"C01","C","01","RNhi10396",TRUE,"1772-067-038_C01"
"1772-067-038","1","RNhi10396-C02","custom","CGTACTAG-TATCCTCT","LS2079","LS2079_RNhi10396_Lane1",537,100,3557358,1.25,100,77.09,31,"C02","C","02","RNhi10396",TRUE,"1772-067-038_C02"
"1772-067-038","1","RNhi10396-C03","custom","AGGCAGAA-TATCCTCT","LS2079","LS2079_RNhi10396_Lane1",591,100,3916434,1.38,100,76.41,30.77,"C03","C","03","RNhi10396",TRUE,"1772-067-038_C03"
"1772-067-038","1","RNhi10396-C04","custom","TCCTGAGC-TATCCTCT","LS2079","LS2079_RNhi10396_Lane1",538,100,3562110,1.25,100,77.55,31.13,"C04","C","04","RNhi10396",TRUE,"1772-067-038_C04"
"1772-067-038","1","RNhi10396-C05","custom","GGACTCCT-TATCCTCT","LS2079","LS2079_RNhi10396_Lane1",596,100,3949932,1.39,100,77.97,31.28,"C05","C","05","RNhi10396",TRUE,"1772-067-038_C05"
"1772-067-038","1","RNhi10396-C06","custom","TAGGCATG-TATCCTCT","LS2079","LS2079_RNhi10396_Lane1",460,100,3045820,1.07,100,77.14,30.99,"C06","C","06","RNhi10396",TRUE,"1772-067-038_C06"
"1772-067-038","1","RNhi10396-C07","custom","CTCTCTAC-TATCCTCT","LS2079","LS2079_RNhi10396_Lane1",636,100,4211392,1.48,100,78.01,31.28,"C07","C","07","RNhi10396",TRUE,"1772-067-038_C07"
"1772-067-038","1","RNhi10396-C08","custom","CAGAGAGG-TATCCTCT","LS2079","LS2079_RNhi10396_Lane1",4,100,28004,0.01,100,55.03,23.36,"C08","C","08","RNhi10396",FALSE,"1772-067-038_C08"
"1772-067-038","1","RNhi10396-C09","custom","GCTACGCT-TATCCTCT","LS2079","LS2079_RNhi10396_Lane1",516,100,3415648,1.2,100,78.54,31.43,"C09","C","09","RNhi10396",TRUE,"1772-067-038_C09"
"1772-067-038","1","RNhi10396-C10","custom","CGAGGCTG-TATCCTCT","LS2079","LS2079_RNhi10396_Lane1",179,100,1184988,0.42,100,69.92,28.59,"C10","C","10","RNhi10396",TRUE,"1772-067-038_C10"
"1772-067-038","1","RNhi10396-C11","custom","AAGAGGCA-TATCCTCT","LS2079","LS2079_RNhi10396_Lane1",624,100,4133912,1.45,100,77.84,31.22,"C11","C","11","RNhi10396",TRUE,"1772-067-038_C11"
"1772-067-038","1","RNhi10396-C12","custom","GTAGAGGA-TATCCTCT","LS2079","LS2079_RNhi10396_Lane1",501,100,3316952,1.17,100,77.41,31.09,"C12","C","12","RNhi10396",TRUE,"1772-067-038_C12"
"1772-067-038","1","RNhi10396-D01","custom","TAAGGCGA-AGAGTAGA","LS2079","LS2079_RNhi10396_Lane1",508,100,3365200,1.18,100,74.11,30.1,"D01","D","01","RNhi10396",TRUE,"1772-067-038_D01"
"1772-067-038","1","RNhi10396-D02","custom","CGTACTAG-AGAGTAGA","LS2079","LS2079_RNhi10396_Lane1",436,100,2885076,1.01,100,74.02,30.07,"D02","D","02","RNhi10396",TRUE,"1772-067-038_D02"
"1772-067-038","1","RNhi10396-D03","custom","AGGCAGAA-AGAGTAGA","LS2079","LS2079_RNhi10396_Lane1",459,100,3037280,1.07,100,74.01,30.06,"D03","D","03","RNhi10396",TRUE,"1772-067-038_D03"
"1772-067-038","1","RNhi10396-D04","custom","TCCTGAGC-AGAGTAGA","LS2079","LS2079_RNhi10396_Lane1",452,100,2996460,1.05,100,74.33,30.17,"D04","D","04","RNhi10396",TRUE,"1772-067-038_D04"
"1772-067-038","1","RNhi10396-D05","custom","GGACTCCT-AGAGTAGA","LS2079","LS2079_RNhi10396_Lane1",602,100,3985982,1.4,100,75.58,30.58,"D05","D","05","RNhi10396",TRUE,"1772-067-038_D05"
"1772-067-038","1","RNhi10396-D06","custom","TAGGCATG-AGAGTAGA","LS2079","LS2079_RNhi10396_Lane1",408,100,2704644,0.95,100,73.91,30.04,"D06","D","06","RNhi10396",TRUE,"1772-067-038_D06"
"1772-067-038","1","RNhi10396-D07","custom","CTCTCTAC-AGAGTAGA","LS2079","LS2079_RNhi10396_Lane1",590,100,3907394,1.37,100,74.83,30.33,"D07","D","07","RNhi10396",TRUE,"1772-067-038_D07"
"1772-067-038","1","RNhi10396-D08","custom","CAGAGAGG-AGAGTAGA","LS2079","LS2079_RNhi10396_Lane1",607,100,4017772,1.41,100,74.57,30.27,"D08","D","08","RNhi10396",TRUE,"1772-067-038_D08"
"1772-067-038","1","RNhi10396-D09","custom","GCTACGCT-AGAGTAGA","LS2079","LS2079_RNhi10396_Lane1",460,100,3048892,1.07,100,75.89,30.64,"D09","D","09","RNhi10396",TRUE,"1772-067-038_D09"
"1772-067-038","1","RNhi10396-D10","custom","CGAGGCTG-AGAGTAGA","LS2079","LS2079_RNhi10396_Lane1",423,100,2802726,0.98,100,73.68,29.97,"D10","D","10","RNhi10396",TRUE,"1772-067-038_D10"
"1772-067-038","1","RNhi10396-D11","custom","AAGAGGCA-AGAGTAGA","LS2079","LS2079_RNhi10396_Lane1",437,100,2891468,1.02,100,74.92,30.33,"D11","D","11","RNhi10396",TRUE,"1772-067-038_D11"
"1772-067-038","1","RNhi10396-D12","custom","GTAGAGGA-AGAGTAGA","LS2079","LS2079_RNhi10396_Lane1",449,100,2975446,1.05,100,74.56,30.21,"D12","D","12","RNhi10396",TRUE,"1772-067-038_D12"
"1772-067-038","1","RNhi10396-E01","custom","TAAGGCGA-GTAAGGAG","LS2079","LS2079_RNhi10396_Lane1",566,100,3749404,1.32,100,77.27,31.07,"E01","E","01","RNhi10396",TRUE,"1772-067-038_E01"
"1772-067-038","1","RNhi10396-E02","custom","CGTACTAG-GTAAGGAG","LS2079","LS2079_RNhi10396_Lane1",518,100,3428740,1.2,100,75.98,30.66,"E02","E","02","RNhi10396",TRUE,"1772-067-038_E02"
"1772-067-038","1","RNhi10396-E03","custom","AGGCAGAA-GTAAGGAG","LS2079","LS2079_RNhi10396_Lane1",496,100,3283706,1.15,100,76.39,30.79,"E03","E","03","RNhi10396",TRUE,"1772-067-038_E03"
"1772-067-038","1","RNhi10396-E04","custom","TCCTGAGC-GTAAGGAG","LS2079","LS2079_RNhi10396_Lane1",266,100,1760312,0.62,100,76.29,30.78,"E04","E","04","RNhi10396",TRUE,"1772-067-038_E04"
"1772-067-038","1","RNhi10396-E05","custom","GGACTCCT-GTAAGGAG","LS2079","LS2079_RNhi10396_Lane1",476,100,3149252,1.11,100,77.89,31.25,"E05","E","05","RNhi10396",TRUE,"1772-067-038_E05"
"1772-067-038","1","RNhi10396-E06","custom","TAGGCATG-GTAAGGAG","LS2079","LS2079_RNhi10396_Lane1",299,100,1979678,0.7,100,76.96,30.99,"E06","E","06","RNhi10396",TRUE,"1772-067-038_E06"
"1772-067-038","1","RNhi10396-E07","custom","CTCTCTAC-GTAAGGAG","LS2079","LS2079_RNhi10396_Lane1",581,100,3846762,1.35,100,77.11,31.02,"E07","E","07","RNhi10396",TRUE,"1772-067-038_E07"
"1772-067-038","1","RNhi10396-E08","custom","CAGAGAGG-GTAAGGAG","LS2079","LS2079_RNhi10396_Lane1",553,100,3660386,1.29,100,76.92,30.95,"E08","E","08","RNhi10396",TRUE,"1772-067-038_E08"
"1772-067-038","1","RNhi10396-E09","custom","GCTACGCT-GTAAGGAG","LS2079","LS2079_RNhi10396_Lane1",496,100,3281616,1.15,100,77.79,31.2,"E09","E","09","RNhi10396",TRUE,"1772-067-038_E09"
"1772-067-038","1","RNhi10396-E10","custom","CGAGGCTG-GTAAGGAG","LS2079","LS2079_RNhi10396_Lane1",4,100,29668,0.01,100,51.94,22.41,"E10","E","10","RNhi10396",FALSE,"1772-067-038_E10"
"1772-067-038","1","RNhi10396-E11","custom","AAGAGGCA-GTAAGGAG","LS2079","LS2079_RNhi10396_Lane1",532,100,3524480,1.24,100,77.51,31.12,"E11","E","11","RNhi10396",TRUE,"1772-067-038_E11"
"1772-067-038","1","RNhi10396-E12","custom","GTAGAGGA-GTAAGGAG","LS2079","LS2079_RNhi10396_Lane1",555,100,3672760,1.29,100,77.48,31.12,"E12","E","12","RNhi10396",TRUE,"1772-067-038_E12"
"1772-067-038","1","RNhi10396-F01","custom","TAAGGCGA-ACTGCATA","LS2079","LS2079_RNhi10396_Lane1",592,100,3922342,1.38,100,77.39,31.1,"F01","F","01","RNhi10396",TRUE,"1772-067-038_F01"
"1772-067-038","1","RNhi10396-F02","custom","CGTACTAG-ACTGCATA","LS2079","LS2079_RNhi10396_Lane1",572,100,3790772,1.33,100,76.99,30.95,"F02","F","02","RNhi10396",TRUE,"1772-067-038_F02"
"1772-067-038","1","RNhi10396-F03","custom","AGGCAGAA-ACTGCATA","LS2079","LS2079_RNhi10396_Lane1",567,100,3755866,1.32,100,76.29,30.74,"F03","F","03","RNhi10396",TRUE,"1772-067-038_F03"
"1772-067-038","1","RNhi10396-F04","custom","TCCTGAGC-ACTGCATA","LS2079","LS2079_RNhi10396_Lane1",501,100,3315490,1.17,100,77.3,31.07,"F04","F","04","RNhi10396",TRUE,"1772-067-038_F04"
"1772-067-038","1","RNhi10396-F05","custom","GGACTCCT-ACTGCATA","LS2079","LS2079_RNhi10396_Lane1",573,100,3796302,1.33,100,78.12,31.3,"F05","F","05","RNhi10396",TRUE,"1772-067-038_F05"
"1772-067-038","1","RNhi10396-F06","custom","TAGGCATG-ACTGCATA","LS2079","LS2079_RNhi10396_Lane1",512,100,3391060,1.19,100,77.43,31.09,"F06","F","06","RNhi10396",TRUE,"1772-067-038_F06"
"1772-067-038","1","RNhi10396-F07","custom","CTCTCTAC-ACTGCATA","LS2079","LS2079_RNhi10396_Lane1",616,100,4079024,1.43,100,77.66,31.17,"F07","F","07","RNhi10396",TRUE,"1772-067-038_F07"
"1772-067-038","1","RNhi10396-F08","custom","CAGAGAGG-ACTGCATA","LS2079","LS2079_RNhi10396_Lane1",495,100,3275860,1.15,100,76.48,30.79,"F08","F","08","RNhi10396",TRUE,"1772-067-038_F08"
"1772-067-038","1","RNhi10396-F09","custom","GCTACGCT-ACTGCATA","LS2079","LS2079_RNhi10396_Lane1",55,100,361438,0.13,100,74.12,29.98,"F09","F","09","RNhi10396",TRUE,"1772-067-038_F09"
"1772-067-038","1","RNhi10396-F10","custom","CGAGGCTG-ACTGCATA","LS2079","LS2079_RNhi10396_Lane1",452,100,2991992,1.05,100,77.06,31.01,"F10","F","10","RNhi10396",TRUE,"1772-067-038_F10"
"1772-067-038","1","RNhi10396-F11","custom","AAGAGGCA-ACTGCATA","LS2079","LS2079_RNhi10396_Lane1",558,100,3695480,1.3,100,78.09,31.3,"F11","F","11","RNhi10396",TRUE,"1772-067-038_F11"
"1772-067-038","1","RNhi10396-F12","custom","GTAGAGGA-ACTGCATA","LS2079","LS2079_RNhi10396_Lane1",303,100,2009444,0.71,100,77.14,31,"F12","F","12","RNhi10396",TRUE,"1772-067-038_F12"
"1772-067-038","1","RNhi10396-G01","custom","TAAGGCGA-AAGGAGTA","LS2079","LS2079_RNhi10396_Lane1",507,100,3356284,1.18,100,77.52,31.08,"G01","G","01","RNhi10396",TRUE,"1772-067-038_G01"
"1772-067-038","1","RNhi10396-G02","custom","CGTACTAG-AAGGAGTA","LS2079","LS2079_RNhi10396_Lane1",502,100,3326558,1.17,100,77.35,31.05,"G02","G","02","RNhi10396",TRUE,"1772-067-038_G02"
"1772-067-038","1","RNhi10396-G03","custom","AGGCAGAA-AAGGAGTA","LS2079","LS2079_RNhi10396_Lane1",536,100,3550862,1.25,100,77.76,31.16,"G03","G","03","RNhi10396",TRUE,"1772-067-038_G03"
"1772-067-038","1","RNhi10396-G04","custom","TCCTGAGC-AAGGAGTA","LS2079","LS2079_RNhi10396_Lane1",421,100,2786744,0.98,100,75.71,30.59,"G04","G","04","RNhi10396",TRUE,"1772-067-038_G04"
"1772-067-038","1","RNhi10396-G05","custom","GGACTCCT-AAGGAGTA","LS2079","LS2079_RNhi10396_Lane1",584,100,3868578,1.36,100,79.16,31.62,"G05","G","05","RNhi10396",TRUE,"1772-067-038_G05"
"1772-067-038","1","RNhi10396-G06","custom","TAGGCATG-AAGGAGTA","LS2079","LS2079_RNhi10396_Lane1",65,100,429464,0.15,100,74.96,30.2,"G06","G","06","RNhi10396",TRUE,"1772-067-038_G06"
"1772-067-038","1","RNhi10396-G07","custom","CTCTCTAC-AAGGAGTA","LS2079","LS2079_RNhi10396_Lane1",4,100,24728,0.01,100,53.33,22.77,"G07","G","07","RNhi10396",FALSE,"1772-067-038_G07"
"1772-067-038","1","RNhi10396-G08","custom","CAGAGAGG-AAGGAGTA","LS2079","LS2079_RNhi10396_Lane1",505,100,3341958,1.17,100,77.98,31.25,"G08","G","08","RNhi10396",TRUE,"1772-067-038_G08"
"1772-067-038","1","RNhi10396-G09","custom","GCTACGCT-AAGGAGTA","LS2079","LS2079_RNhi10396_Lane1",192,100,1268398,0.45,100,77.15,30.85,"G09","G","09","RNhi10396",TRUE,"1772-067-038_G09"
"1772-067-038","1","RNhi10396-G10","custom","CGAGGCTG-AAGGAGTA","LS2079","LS2079_RNhi10396_Lane1",2,100,16530,0.01,100,47.94,20.81,"G10","G","10","RNhi10396",FALSE,"1772-067-038_G10"
"1772-067-038","1","RNhi10396-G11","custom","AAGAGGCA-AAGGAGTA","LS2079","LS2079_RNhi10396_Lane1",445,100,2945660,1.04,100,78.26,31.27,"G11","G","11","RNhi10396",TRUE,"1772-067-038_G11"
"1772-067-038","1","RNhi10396-G12","custom","GTAGAGGA-AAGGAGTA","LS2079","LS2079_RNhi10396_Lane1",2,100,14380,0.01,100,60.1,25.2,"G12","G","12","RNhi10396",FALSE,"1772-067-038_G12"
"1772-067-038","1","RNhi10396-H01","custom","TAAGGCGA-CTAAGCCT","LS2079","LS2079_RNhi10396_Lane1",474,100,3136726,1.1,100,76.59,30.85,"H01","H","01","RNhi10396",TRUE,"1772-067-038_H01"
"1772-067-038","1","RNhi10396-H02","custom","CGTACTAG-CTAAGCCT","LS2079","LS2079_RNhi10396_Lane1",583,100,3858426,1.36,100,76.93,30.97,"H02","H","02","RNhi10396",TRUE,"1772-067-038_H02"
"1772-067-038","1","RNhi10396-H03","custom","AGGCAGAA-CTAAGCCT","LS2079","LS2079_RNhi10396_Lane1",577,100,3823036,1.34,100,76.62,30.89,"H03","H","03","RNhi10396",TRUE,"1772-067-038_H03"
"1772-067-038","1","RNhi10396-H04","custom","TCCTGAGC-CTAAGCCT","LS2079","LS2079_RNhi10396_Lane1",545,100,3606520,1.27,100,77.31,31.09,"H04","H","04","RNhi10396",TRUE,"1772-067-038_H04"
"1772-067-038","1","RNhi10396-H05","custom","GGACTCCT-CTAAGCCT","LS2079","LS2079_RNhi10396_Lane1",555,100,3675672,1.29,100,78.12,31.33,"H05","H","05","RNhi10396",TRUE,"1772-067-038_H05"
"1772-067-038","1","RNhi10396-H06","custom","TAGGCATG-CTAAGCCT","LS2079","LS2079_RNhi10396_Lane1",554,100,3666486,1.29,100,77.26,31.09,"H06","H","06","RNhi10396",TRUE,"1772-067-038_H06"
"1772-067-038","1","RNhi10396-H07","custom","CTCTCTAC-CTAAGCCT","LS2079","LS2079_RNhi10396_Lane1",600,100,3975142,1.4,100,77.54,31.16,"H07","H","07","RNhi10396",TRUE,"1772-067-038_H07"
"1772-067-038","1","RNhi10396-H08","custom","CAGAGAGG-CTAAGCCT","LS2079","LS2079_RNhi10396_Lane1",27,100,181436,0.06,100,70.05,28.64,"H08","H","08","RNhi10396",FALSE,"1772-067-038_H08"
"1772-067-038","1","RNhi10396-H09","custom","GCTACGCT-CTAAGCCT","LS2079","LS2079_RNhi10396_Lane1",72,100,479094,0.17,100,69.32,28.34,"H09","H","09","RNhi10396",TRUE,"1772-067-038_H09"
"1772-067-038","1","RNhi10396-H10","custom","CGAGGCTG-CTAAGCCT","LS2079","LS2079_RNhi10396_Lane1",12,100,77734,0.03,100,45.76,20.1,"H10","H","10","RNhi10396",FALSE,"1772-067-038_H10"
"1772-067-038","1","RNhi10396-H11","custom","AAGAGGCA-CTAAGCCT","LS2079","LS2079_RNhi10396_Lane1",238,100,1576656,0.55,100,76.59,30.79,"H11","H","11","RNhi10396",TRUE,"1772-067-038_H11"
"1772-067-038","1","RNhi10396-H12","custom","GTAGAGGA-CTAAGCCT","LS2079","LS2079_RNhi10396_Lane1",569,100,3766192,1.32,100,77.9,31.26,"H12","H","12","RNhi10396",TRUE,"1772-067-038_H12"
"1772-067-038","1","Undetermined","unknown","Undetermined","LS2079","Undetermined_indices",2119,100,14030354,4.93,0,52.76,23.26,NA,NA,NA,"Undetermined",TRUE,"1772-067-038_NA"
"1772-067-039","2","RNhi10397-A01","custom","TAAGGCGA-TAGATCGC","LS2080","LS2080_RNhi10397_Lane2",341,100,2256610,0.95,100,70.89,29.21,"A01","A","01","RNhi10397",TRUE,"1772-067-039_A01"
"1772-067-039","2","RNhi10397-A02","custom","CGTACTAG-TAGATCGC","LS2080","LS2080_RNhi10397_Lane2",302,100,2002958,0.85,100,71.59,29.45,"A02","A","02","RNhi10397",TRUE,"1772-067-039_A02"
"1772-067-039","2","RNhi10397-A03","custom","AGGCAGAA-TAGATCGC","LS2080","LS2080_RNhi10397_Lane2",374,100,2477454,1.05,100,70.23,28.96,"A03","A","03","RNhi10397",TRUE,"1772-067-039_A03"
"1772-067-039","2","RNhi10397-A04","custom","TCCTGAGC-TAGATCGC","LS2080","LS2080_RNhi10397_Lane2",302,100,1999988,0.84,100,71.72,29.46,"A04","A","04","RNhi10397",TRUE,"1772-067-039_A04"
"1772-067-039","2","RNhi10397-A05","custom","GGACTCCT-TAGATCGC","LS2080","LS2080_RNhi10397_Lane2",346,100,2291928,0.97,100,72.72,29.78,"A05","A","05","RNhi10397",TRUE,"1772-067-039_A05"
"1772-067-039","2","RNhi10397-A06","custom","TAGGCATG-TAGATCGC","LS2080","LS2080_RNhi10397_Lane2",2,100,10530,0,100,56.21,23.92,"A06","A","06","RNhi10397",FALSE,"1772-067-039_A06"
"1772-067-039","2","RNhi10397-A07","custom","CTCTCTAC-TAGATCGC","LS2080","LS2080_RNhi10397_Lane2",362,100,2396440,1.01,100,72.02,29.56,"A07","A","07","RNhi10397",TRUE,"1772-067-039_A07"
"1772-067-039","2","RNhi10397-A08","custom","CAGAGAGG-TAGATCGC","LS2080","LS2080_RNhi10397_Lane2",2,100,14976,0.01,100,53.56,23.05,"A08","A","08","RNhi10397",FALSE,"1772-067-039_A08"
"1772-067-039","2","RNhi10397-A09","custom","GCTACGCT-TAGATCGC","LS2080","LS2080_RNhi10397_Lane2",290,100,1918216,0.81,100,72.45,29.68,"A09","A","09","RNhi10397",TRUE,"1772-067-039_A09"
"1772-067-039","2","RNhi10397-A10","custom","CGAGGCTG-TAGATCGC","LS2080","LS2080_RNhi10397_Lane2",213,100,1411966,0.6,100,70.75,29.17,"A10","A","10","RNhi10397",TRUE,"1772-067-039_A10"
"1772-067-039","2","RNhi10397-A11","custom","AAGAGGCA-TAGATCGC","LS2080","LS2080_RNhi10397_Lane2",369,100,2446704,1.03,100,73.66,30.08,"A11","A","11","RNhi10397",TRUE,"1772-067-039_A11"
"1772-067-039","2","RNhi10397-A12","custom","GTAGAGGA-TAGATCGC","LS2080","LS2080_RNhi10397_Lane2",3,100,18116,0.01,100,57.83,24.54,"A12","A","12","RNhi10397",FALSE,"1772-067-039_A12"
"1772-067-039","2","RNhi10397-B01","custom","TAAGGCGA-CTCTCTAT","LS2080","LS2080_RNhi10397_Lane2",2,100,13004,0.01,100,56.91,24.47,"B01","B","01","RNhi10397",FALSE,"1772-067-039_B01"
"1772-067-039","2","RNhi10397-B02","custom","CGTACTAG-CTCTCTAT","LS2080","LS2080_RNhi10397_Lane2",481,100,3184484,1.34,100,72.49,29.71,"B02","B","02","RNhi10397",TRUE,"1772-067-039_B02"
"1772-067-039","2","RNhi10397-B03","custom","AGGCAGAA-CTCTCTAT","LS2080","LS2080_RNhi10397_Lane2",325,100,2152800,0.91,100,71.81,29.47,"B03","B","03","RNhi10397",TRUE,"1772-067-039_B03"
"1772-067-039","2","RNhi10397-B04","custom","TCCTGAGC-CTCTCTAT","LS2080","LS2080_RNhi10397_Lane2",493,100,3264252,1.38,100,72.79,29.8,"B04","B","04","RNhi10397",TRUE,"1772-067-039_B04"
"1772-067-039","2","RNhi10397-B05","custom","GGACTCCT-CTCTCTAT","LS2080","LS2080_RNhi10397_Lane2",406,100,2691296,1.14,100,73.65,30.05,"B05","B","05","RNhi10397",TRUE,"1772-067-039_B05"
"1772-067-039","2","RNhi10397-B06","custom","TAGGCATG-CTCTCTAT","LS2080","LS2080_RNhi10397_Lane2",4,100,26452,0.01,100,62.6,26.13,"B06","B","06","RNhi10397",FALSE,"1772-067-039_B06"
"1772-067-039","2","RNhi10397-B07","custom","CTCTCTAC-CTCTCTAT","LS2080","LS2080_RNhi10397_Lane2",484,100,3202284,1.35,100,73.3,29.94,"B07","B","07","RNhi10397",TRUE,"1772-067-039_B07"
"1772-067-039","2","RNhi10397-B08","custom","CAGAGAGG-CTCTCTAT","LS2080","LS2080_RNhi10397_Lane2",563,100,3726954,1.57,100,72.99,29.88,"B08","B","08","RNhi10397",TRUE,"1772-067-039_B08"
"1772-067-039","2","RNhi10397-B09","custom","GCTACGCT-CTCTCTAT","LS2080","LS2080_RNhi10397_Lane2",365,100,2420360,1.02,100,74.09,30.19,"B09","B","09","RNhi10397",TRUE,"1772-067-039_B09"
"1772-067-039","2","RNhi10397-B10","custom","CGAGGCTG-CTCTCTAT","LS2080","LS2080_RNhi10397_Lane2",162,100,1074546,0.45,100,69.59,28.77,"B10","B","10","RNhi10397",TRUE,"1772-067-039_B10"
"1772-067-039","2","RNhi10397-B11","custom","AAGAGGCA-CTCTCTAT","LS2080","LS2080_RNhi10397_Lane2",4,100,23380,0.01,100,60.42,25.43,"B11","B","11","RNhi10397",FALSE,"1772-067-039_B11"
"1772-067-039","2","RNhi10397-B12","custom","GTAGAGGA-CTCTCTAT","LS2080","LS2080_RNhi10397_Lane2",667,100,4417968,1.87,100,75.46,30.63,"B12","B","12","RNhi10397",TRUE,"1772-067-039_B12"
"1772-067-039","2","RNhi10397-C01","custom","TAAGGCGA-TATCCTCT","LS2080","LS2080_RNhi10397_Lane2",5,100,34036,0.01,100,62.59,26.31,"C01","C","01","RNhi10397",FALSE,"1772-067-039_C01"
"1772-067-039","2","RNhi10397-C02","custom","CGTACTAG-TATCCTCT","LS2080","LS2080_RNhi10397_Lane2",176,100,1166126,0.49,100,69.66,28.71,"C02","C","02","RNhi10397",TRUE,"1772-067-039_C02"
"1772-067-039","2","RNhi10397-C03","custom","AGGCAGAA-TATCCTCT","LS2080","LS2080_RNhi10397_Lane2",4,100,26866,0.01,100,62.82,26.26,"C03","C","03","RNhi10397",FALSE,"1772-067-039_C03"
"1772-067-039","2","RNhi10397-C04","custom","TCCTGAGC-TATCCTCT","LS2080","LS2080_RNhi10397_Lane2",417,100,2759784,1.17,100,72.87,29.81,"C04","C","04","RNhi10397",TRUE,"1772-067-039_C04"
"1772-067-039","2","RNhi10397-C05","custom","GGACTCCT-TATCCTCT","LS2080","LS2080_RNhi10397_Lane2",160,100,1061874,0.45,100,70.93,29.13,"C05","C","05","RNhi10397",TRUE,"1772-067-039_C05"
"1772-067-039","2","RNhi10397-C06","custom","TAGGCATG-TATCCTCT","LS2080","LS2080_RNhi10397_Lane2",501,100,3315980,1.4,100,74.49,30.32,"C06","C","06","RNhi10397",TRUE,"1772-067-039_C06"
"1772-067-039","2","RNhi10397-C07","custom","CTCTCTAC-TATCCTCT","LS2080","LS2080_RNhi10397_Lane2",434,100,2875154,1.21,100,74.05,30.17,"C07","C","07","RNhi10397",TRUE,"1772-067-039_C07"
"1772-067-039","2","RNhi10397-C08","custom","CAGAGAGG-TATCCTCT","LS2080","LS2080_RNhi10397_Lane2",526,100,3484566,1.47,100,73.43,30,"C08","C","08","RNhi10397",TRUE,"1772-067-039_C08"
"1772-067-039","2","RNhi10397-C09","custom","GCTACGCT-TATCCTCT","LS2080","LS2080_RNhi10397_Lane2",430,100,2849472,1.2,100,75.58,30.64,"C09","C","09","RNhi10397",TRUE,"1772-067-039_C09"
"1772-067-039","2","RNhi10397-C10","custom","CGAGGCTG-TATCCTCT","LS2080","LS2080_RNhi10397_Lane2",402,100,2659544,1.12,100,72.94,29.85,"C10","C","10","RNhi10397",TRUE,"1772-067-039_C10"
"1772-067-039","2","RNhi10397-C11","custom","AAGAGGCA-TATCCTCT","LS2080","LS2080_RNhi10397_Lane2",971,100,6428834,2.71,100,76.55,30.98,"C11","C","11","RNhi10397",TRUE,"1772-067-039_C11"
"1772-067-039","2","RNhi10397-C12","custom","GTAGAGGA-TATCCTCT","LS2080","LS2080_RNhi10397_Lane2",968,100,6410832,2.71,100,76.32,30.92,"C12","C","12","RNhi10397",TRUE,"1772-067-039_C12"
"1772-067-039","2","RNhi10397-D01","custom","TAAGGCGA-AGAGTAGA","LS2080","LS2080_RNhi10397_Lane2",352,100,2332112,0.98,100,69.98,28.89,"D01","D","01","RNhi10397",TRUE,"1772-067-039_D01"
"1772-067-039","2","RNhi10397-D02","custom","CGTACTAG-AGAGTAGA","LS2080","LS2080_RNhi10397_Lane2",297,100,1969318,0.83,100,70.08,28.94,"D02","D","02","RNhi10397",TRUE,"1772-067-039_D02"
"1772-067-039","2","RNhi10397-D03","custom","AGGCAGAA-AGAGTAGA","LS2080","LS2080_RNhi10397_Lane2",320,100,2121510,0.9,100,69.72,28.8,"D03","D","03","RNhi10397",TRUE,"1772-067-039_D03"
"1772-067-039","2","RNhi10397-D04","custom","TCCTGAGC-AGAGTAGA","LS2080","LS2080_RNhi10397_Lane2",5,100,34470,0.01,100,61.53,25.91,"D04","D","04","RNhi10397",FALSE,"1772-067-039_D04"
"1772-067-039","2","RNhi10397-D05","custom","GGACTCCT-AGAGTAGA","LS2080","LS2080_RNhi10397_Lane2",591,100,3912158,1.65,100,74.15,30.26,"D05","D","05","RNhi10397",TRUE,"1772-067-039_D05"
"1772-067-039","2","RNhi10397-D06","custom","TAGGCATG-AGAGTAGA","LS2080","LS2080_RNhi10397_Lane2",3,100,20906,0.01,100,62.33,26.09,"D06","D","06","RNhi10397",FALSE,"1772-067-039_D06"
"1772-067-039","2","RNhi10397-D07","custom","CTCTCTAC-AGAGTAGA","LS2080","LS2080_RNhi10397_Lane2",518,100,3427330,1.45,100,72.33,29.66,"D07","D","07","RNhi10397",TRUE,"1772-067-039_D07"
"1772-067-039","2","RNhi10397-D08","custom","CAGAGAGG-AGAGTAGA","LS2080","LS2080_RNhi10397_Lane2",499,100,3307898,1.4,100,71.36,29.35,"D08","D","08","RNhi10397",TRUE,"1772-067-039_D08"
"1772-067-039","2","RNhi10397-D09","custom","GCTACGCT-AGAGTAGA","LS2080","LS2080_RNhi10397_Lane2",431,100,2851376,1.2,100,73.12,29.91,"D09","D","09","RNhi10397",TRUE,"1772-067-039_D09"
"1772-067-039","2","RNhi10397-D10","custom","CGAGGCTG-AGAGTAGA","LS2080","LS2080_RNhi10397_Lane2",369,100,2440442,1.03,100,70.15,28.98,"D10","D","10","RNhi10397",TRUE,"1772-067-039_D10"
"1772-067-039","2","RNhi10397-D11","custom","AAGAGGCA-AGAGTAGA","LS2080","LS2080_RNhi10397_Lane2",588,100,3897030,1.65,100,73.16,29.93,"D11","D","11","RNhi10397",TRUE,"1772-067-039_D11"
"1772-067-039","2","RNhi10397-D12","custom","GTAGAGGA-AGAGTAGA","LS2080","LS2080_RNhi10397_Lane2",743,100,4917338,2.08,100,74.2,30.27,"D12","D","12","RNhi10397",TRUE,"1772-067-039_D12"
"1772-067-039","2","RNhi10397-E01","custom","TAAGGCGA-GTAAGGAG","LS2080","LS2080_RNhi10397_Lane2",347,100,2297712,0.97,100,72.18,29.59,"E01","E","01","RNhi10397",TRUE,"1772-067-039_E01"
"1772-067-039","2","RNhi10397-E02","custom","CGTACTAG-GTAAGGAG","LS2080","LS2080_RNhi10397_Lane2",322,100,2132752,0.9,100,72.6,29.73,"E02","E","02","RNhi10397",TRUE,"1772-067-039_E02"
"1772-067-039","2","RNhi10397-E03","custom","AGGCAGAA-GTAAGGAG","LS2080","LS2080_RNhi10397_Lane2",4,100,24680,0.01,100,63.55,26.51,"E03","E","03","RNhi10397",FALSE,"1772-067-039_E03"
"1772-067-039","2","RNhi10397-E04","custom","TCCTGAGC-GTAAGGAG","LS2080","LS2080_RNhi10397_Lane2",334,100,2212564,0.93,100,72.68,29.76,"E04","E","04","RNhi10397",TRUE,"1772-067-039_E04"
"1772-067-039","2","RNhi10397-E05","custom","GGACTCCT-GTAAGGAG","LS2080","LS2080_RNhi10397_Lane2",2,100,15268,0.01,100,56,23.82,"E05","E","05","RNhi10397",FALSE,"1772-067-039_E05"
"1772-067-039","2","RNhi10397-E06","custom","TAGGCATG-GTAAGGAG","LS2080","LS2080_RNhi10397_Lane2",445,100,2944040,1.24,100,74.77,30.42,"E06","E","06","RNhi10397",TRUE,"1772-067-039_E06"
"1772-067-039","2","RNhi10397-E07","custom","CTCTCTAC-GTAAGGAG","LS2080","LS2080_RNhi10397_Lane2",399,100,2642954,1.12,100,73.03,29.85,"E07","E","07","RNhi10397",TRUE,"1772-067-039_E07"
"1772-067-039","2","RNhi10397-E08","custom","CAGAGAGG-GTAAGGAG","LS2080","LS2080_RNhi10397_Lane2",425,100,2816536,1.19,100,72.78,29.79,"E08","E","08","RNhi10397",TRUE,"1772-067-039_E08"
"1772-067-039","2","RNhi10397-E09","custom","GCTACGCT-GTAAGGAG","LS2080","LS2080_RNhi10397_Lane2",349,100,2313068,0.98,100,74.53,30.33,"E09","E","09","RNhi10397",TRUE,"1772-067-039_E09"
"1772-067-039","2","RNhi10397-E10","custom","CGAGGCTG-GTAAGGAG","LS2080","LS2080_RNhi10397_Lane2",2,100,12924,0.01,100,55.63,23.88,"E10","E","10","RNhi10397",FALSE,"1772-067-039_E10"
"1772-067-039","2","RNhi10397-E11","custom","AAGAGGCA-GTAAGGAG","LS2080","LS2080_RNhi10397_Lane2",3,100,19314,0.01,100,60.43,25.46,"E11","E","11","RNhi10397",FALSE,"1772-067-039_E11"
"1772-067-039","2","RNhi10397-E12","custom","GTAGAGGA-GTAAGGAG","LS2080","LS2080_RNhi10397_Lane2",2,100,15342,0.01,100,56.31,24.09,"E12","E","12","RNhi10397",FALSE,"1772-067-039_E12"
"1772-067-039","2","RNhi10397-F01","custom","TAAGGCGA-ACTGCATA","LS2080","LS2080_RNhi10397_Lane2",389,100,2578564,1.09,100,72.69,29.76,"F01","F","01","RNhi10397",TRUE,"1772-067-039_F01"
"1772-067-039","2","RNhi10397-F02","custom","CGTACTAG-ACTGCATA","LS2080","LS2080_RNhi10397_Lane2",457,100,3029600,1.28,100,72.81,29.8,"F02","F","02","RNhi10397",TRUE,"1772-067-039_F02"
"1772-067-039","2","RNhi10397-F03","custom","AGGCAGAA-ACTGCATA","LS2080","LS2080_RNhi10397_Lane2",362,100,2395062,1.01,100,72.08,29.56,"F03","F","03","RNhi10397",TRUE,"1772-067-039_F03"
"1772-067-039","2","RNhi10397-F04","custom","TCCTGAGC-ACTGCATA","LS2080","LS2080_RNhi10397_Lane2",386,100,2557404,1.08,100,72.7,29.75,"F04","F","04","RNhi10397",TRUE,"1772-067-039_F04"
"1772-067-039","2","RNhi10397-F05","custom","GGACTCCT-ACTGCATA","LS2080","LS2080_RNhi10397_Lane2",0,100,2706,0,100,49.62,21.87,"F05","F","05","RNhi10397",FALSE,"1772-067-039_F05"
"1772-067-039","2","RNhi10397-F06","custom","TAGGCATG-ACTGCATA","LS2080","LS2080_RNhi10397_Lane2",531,100,3518280,1.49,100,73.61,30.05,"F06","F","06","RNhi10397",TRUE,"1772-067-039_F06"
"1772-067-039","2","RNhi10397-F07","custom","CTCTCTAC-ACTGCATA","LS2080","LS2080_RNhi10397_Lane2",504,100,3340628,1.41,100,73.4,29.97,"F07","F","07","RNhi10397",TRUE,"1772-067-039_F07"
"1772-067-039","2","RNhi10397-F08","custom","CAGAGAGG-ACTGCATA","LS2080","LS2080_RNhi10397_Lane2",502,100,3322578,1.4,100,72.5,29.7,"F08","F","08","RNhi10397",TRUE,"1772-067-039_F08"
"1772-067-039","2","RNhi10397-F09","custom","GCTACGCT-ACTGCATA","LS2080","LS2080_RNhi10397_Lane2",4,100,29720,0.01,100,63.05,26.31,"F09","F","09","RNhi10397",FALSE,"1772-067-039_F09"
"1772-067-039","2","RNhi10397-F10","custom","CGAGGCTG-ACTGCATA","LS2080","LS2080_RNhi10397_Lane2",395,100,2613214,1.1,100,72.51,29.72,"F10","F","10","RNhi10397",TRUE,"1772-067-039_F10"
"1772-067-039","2","RNhi10397-F11","custom","AAGAGGCA-ACTGCATA","LS2080","LS2080_RNhi10397_Lane2",4,100,25172,0.01,100,55.24,23.73,"F11","F","11","RNhi10397",FALSE,"1772-067-039_F11"
"1772-067-039","2","RNhi10397-F12","custom","GTAGAGGA-ACTGCATA","LS2080","LS2080_RNhi10397_Lane2",1022,100,6768802,2.86,100,76.79,31.06,"F12","F","12","RNhi10397",TRUE,"1772-067-039_F12"
"1772-067-039","2","RNhi10397-G01","custom","TAAGGCGA-AAGGAGTA","LS2080","LS2080_RNhi10397_Lane2",5,100,34336,0.01,100,61.44,25.87,"G01","G","01","RNhi10397",FALSE,"1772-067-039_G01"
"1772-067-039","2","RNhi10397-G02","custom","CGTACTAG-AAGGAGTA","LS2080","LS2080_RNhi10397_Lane2",393,100,2605572,1.1,100,72.99,29.83,"G02","G","02","RNhi10397",TRUE,"1772-067-039_G02"
"1772-067-039","2","RNhi10397-G03","custom","AGGCAGAA-AAGGAGTA","LS2080","LS2080_RNhi10397_Lane2",398,100,2638718,1.11,100,73,29.81,"G03","G","03","RNhi10397",TRUE,"1772-067-039_G03"
"1772-067-039","2","RNhi10397-G04","custom","TCCTGAGC-AAGGAGTA","LS2080","LS2080_RNhi10397_Lane2",372,100,2465408,1.04,100,71.49,29.4,"G04","G","04","RNhi10397",TRUE,"1772-067-039_G04"
"1772-067-039","2","RNhi10397-G05","custom","GGACTCCT-AAGGAGTA","LS2080","LS2080_RNhi10397_Lane2",465,100,3076786,1.3,100,74.48,30.31,"G05","G","05","RNhi10397",TRUE,"1772-067-039_G05"
"1772-067-039","2","RNhi10397-G06","custom","TAGGCATG-AAGGAGTA","LS2080","LS2080_RNhi10397_Lane2",464,100,3071802,1.3,100,73.75,30.07,"G06","G","06","RNhi10397",TRUE,"1772-067-039_G06"
"1772-067-039","2","RNhi10397-G07","custom","CTCTCTAC-AAGGAGTA","LS2080","LS2080_RNhi10397_Lane2",507,100,3355234,1.42,100,73.53,29.99,"G07","G","07","RNhi10397",TRUE,"1772-067-039_G07"
"1772-067-039","2","RNhi10397-G08","custom","CAGAGAGG-AAGGAGTA","LS2080","LS2080_RNhi10397_Lane2",477,100,3161728,1.33,100,73.06,29.85,"G08","G","08","RNhi10397",TRUE,"1772-067-039_G08"
"1772-067-039","2","RNhi10397-G09","custom","GCTACGCT-AAGGAGTA","LS2080","LS2080_RNhi10397_Lane2",402,100,2665220,1.13,100,74.19,30.21,"G09","G","09","RNhi10397",TRUE,"1772-067-039_G09"
"1772-067-039","2","RNhi10397-G10","custom","CGAGGCTG-AAGGAGTA","LS2080","LS2080_RNhi10397_Lane2",177,100,1169052,0.49,100,68.27,28.25,"G10","G","10","RNhi10397",TRUE,"1772-067-039_G10"
"1772-067-039","2","RNhi10397-G11","custom","AAGAGGCA-AAGGAGTA","LS2080","LS2080_RNhi10397_Lane2",633,100,4192392,1.77,100,76.01,30.77,"G11","G","11","RNhi10397",TRUE,"1772-067-039_G11"
"1772-067-039","2","RNhi10397-G12","custom","GTAGAGGA-AAGGAGTA","LS2080","LS2080_RNhi10397_Lane2",809,100,5358612,2.26,100,76.3,30.87,"G12","G","12","RNhi10397",TRUE,"1772-067-039_G12"
"1772-067-039","2","RNhi10397-H01","custom","TAAGGCGA-CTAAGCCT","LS2080","LS2080_RNhi10397_Lane2",393,100,2601268,1.1,100,72.29,29.65,"H01","H","01","RNhi10397",TRUE,"1772-067-039_H01"
"1772-067-039","2","RNhi10397-H02","custom","CGTACTAG-CTAAGCCT","LS2080","LS2080_RNhi10397_Lane2",401,100,2658514,1.12,100,72.33,29.66,"H02","H","02","RNhi10397",TRUE,"1772-067-039_H02"
"1772-067-039","2","RNhi10397-H03","custom","AGGCAGAA-CTAAGCCT","LS2080","LS2080_RNhi10397_Lane2",429,100,2839406,1.2,100,71.96,29.55,"H03","H","03","RNhi10397",TRUE,"1772-067-039_H03"
"1772-067-039","2","RNhi10397-H04","custom","TCCTGAGC-CTAAGCCT","LS2080","LS2080_RNhi10397_Lane2",449,100,2973298,1.26,100,73.19,29.94,"H04","H","04","RNhi10397",TRUE,"1772-067-039_H04"
"1772-067-039","2","RNhi10397-H05","custom","GGACTCCT-CTAAGCCT","LS2080","LS2080_RNhi10397_Lane2",2,100,10998,0,100,49.04,21.4,"H05","H","05","RNhi10397",FALSE,"1772-067-039_H05"
"1772-067-039","2","RNhi10397-H06","custom","TAGGCATG-CTAAGCCT","LS2080","LS2080_RNhi10397_Lane2",360,100,2386410,1.01,100,72.73,29.78,"H06","H","06","RNhi10397",TRUE,"1772-067-039_H06"
"1772-067-039","2","RNhi10397-H07","custom","CTCTCTAC-CTAAGCCT","LS2080","LS2080_RNhi10397_Lane2",456,100,3020818,1.28,100,72.78,29.8,"H07","H","07","RNhi10397",TRUE,"1772-067-039_H07"
"1772-067-039","2","RNhi10397-H08","custom","CAGAGAGG-CTAAGCCT","LS2080","LS2080_RNhi10397_Lane2",479,100,3174782,1.34,100,72.38,29.68,"H08","H","08","RNhi10397",TRUE,"1772-067-039_H08"
"1772-067-039","2","RNhi10397-H09","custom","GCTACGCT-CTAAGCCT","LS2080","LS2080_RNhi10397_Lane2",408,100,2699118,1.14,100,73.69,30.09,"H09","H","09","RNhi10397",TRUE,"1772-067-039_H09"
"1772-067-039","2","RNhi10397-H10","custom","CGAGGCTG-CTAAGCCT","LS2080","LS2080_RNhi10397_Lane2",150,100,996116,0.42,100,69.02,28.61,"H10","H","10","RNhi10397",TRUE,"1772-067-039_H10"
"1772-067-039","2","RNhi10397-H11","custom","AAGAGGCA-CTAAGCCT","LS2080","LS2080_RNhi10397_Lane2",486,100,3220926,1.36,100,74.17,30.24,"H11","H","11","RNhi10397",TRUE,"1772-067-039_H11"
"1772-067-039","2","RNhi10397-H12","custom","GTAGAGGA-CTAAGCCT","LS2080","LS2080_RNhi10397_Lane2",526,100,3482812,1.47,100,73.78,30.11,"H12","H","12","RNhi10397",TRUE,"1772-067-039_H12"
"1772-067-039","2","Undetermined","unknown","Undetermined","LS2080","Undetermined_indices",2363,100,15647150,6.61,0,51.69,23.09,NA,NA,NA,"Undetermined",TRUE,"1772-067-039_NA"
"1772-064-103","2","RNhi10395-A01","custom","TAAGGCGA-TAGATCGC","LS2069","LS2069_RNhi10395_Lane2",596,100,3945068,1.15,100,85.98,33.35,"A01","A","01","RNhi10395",TRUE,"1772-064-103_A01"
"1772-064-103","2","RNhi10395-A02","custom","CGTACTAG-TAGATCGC","LS2069","LS2069_RNhi10395_Lane2",603,100,3991868,1.17,100,85.85,33.3,"A02","A","02","RNhi10395",TRUE,"1772-064-103_A02"
"1772-064-103","2","RNhi10395-A03","custom","AGGCAGAA-TAGATCGC","LS2069","LS2069_RNhi10395_Lane2",598,100,3960686,1.16,100,85.74,33.28,"A03","A","03","RNhi10395",TRUE,"1772-064-103_A03"
"1772-064-103","2","RNhi10395-A04","custom","TCCTGAGC-TAGATCGC","LS2069","LS2069_RNhi10395_Lane2",445,100,2947178,0.86,100,86.28,33.46,"A04","A","04","RNhi10395",TRUE,"1772-064-103_A04"
"1772-064-103","2","RNhi10395-A05","custom","GGACTCCT-TAGATCGC","LS2069","LS2069_RNhi10395_Lane2",537,100,3558116,1.04,100,86.46,33.48,"A05","A","05","RNhi10395",TRUE,"1772-064-103_A05"
"1772-064-103","2","RNhi10395-A06","custom","TAGGCATG-TAGATCGC","LS2069","LS2069_RNhi10395_Lane2",517,100,3421342,1,100,86.28,33.46,"A06","A","06","RNhi10395",TRUE,"1772-064-103_A06"
"1772-064-103","2","RNhi10395-A07","custom","CTCTCTAC-TAGATCGC","LS2069","LS2069_RNhi10395_Lane2",558,100,3695654,1.08,100,86.44,33.49,"A07","A","07","RNhi10395",TRUE,"1772-064-103_A07"
"1772-064-103","2","RNhi10395-A08","custom","CAGAGAGG-TAGATCGC","LS2069","LS2069_RNhi10395_Lane2",1016,100,6726460,1.96,100,85.7,33.26,"A08","A","08","RNhi10395",FALSE,"1772-064-103_A08"
"1772-064-103","2","RNhi10395-A09","custom","GCTACGCT-TAGATCGC","LS2069","LS2069_RNhi10395_Lane2",0,100,2,0,100,43.38,17.15,"A09","A","09","RNhi10395",FALSE,"1772-064-103_A09"
"1772-064-103","2","RNhi10395-A10","custom","CGAGGCTG-TAGATCGC","LS2069","LS2069_RNhi10395_Lane2",452,100,2990410,0.87,100,85.77,33.3,"A10","A","10","RNhi10395",TRUE,"1772-064-103_A10"
"1772-064-103","2","RNhi10395-A11","custom","AAGAGGCA-TAGATCGC","LS2069","LS2069_RNhi10395_Lane2",528,100,3495202,1.02,100,86.74,33.59,"A11","A","11","RNhi10395",TRUE,"1772-064-103_A11"
"1772-064-103","2","RNhi10395-A12","custom","GTAGAGGA-TAGATCGC","LS2069","LS2069_RNhi10395_Lane2",498,100,3294914,0.96,100,86.97,33.68,"A12","A","12","RNhi10395",TRUE,"1772-064-103_A12"
"1772-064-103","2","RNhi10395-B01","custom","TAAGGCGA-CTCTCTAT","LS2069","LS2069_RNhi10395_Lane2",512,100,3390290,0.99,100,86.02,33.35,"B01","B","01","RNhi10395",TRUE,"1772-064-103_B01"
"1772-064-103","2","RNhi10395-B02","custom","CGTACTAG-CTCTCTAT","LS2069","LS2069_RNhi10395_Lane2",593,100,3927114,1.15,100,86.42,33.48,"B02","B","02","RNhi10395",TRUE,"1772-064-103_B02"
"1772-064-103","2","RNhi10395-B03","custom","AGGCAGAA-CTCTCTAT","LS2069","LS2069_RNhi10395_Lane2",590,100,3907268,1.14,100,86.02,33.33,"B03","B","03","RNhi10395",TRUE,"1772-064-103_B03"
"1772-064-103","2","RNhi10395-B04","custom","TCCTGAGC-CTCTCTAT","LS2069","LS2069_RNhi10395_Lane2",564,100,3732044,1.09,100,86.75,33.57,"B04","B","04","RNhi10395",TRUE,"1772-064-103_B04"
"1772-064-103","2","RNhi10395-B05","custom","GGACTCCT-CTCTCTAT","LS2069","LS2069_RNhi10395_Lane2",544,100,3601584,1.05,100,86.65,33.53,"B05","B","05","RNhi10395",TRUE,"1772-064-103_B05"
"1772-064-103","2","RNhi10395-B06","custom","TAGGCATG-CTCTCTAT","LS2069","LS2069_RNhi10395_Lane2",494,100,3272674,0.96,100,86.33,33.45,"B06","B","06","RNhi10395",TRUE,"1772-064-103_B06"
"1772-064-103","2","RNhi10395-B07","custom","CTCTCTAC-CTCTCTAT","LS2069","LS2069_RNhi10395_Lane2",600,100,3975286,1.16,100,86.71,33.57,"B07","B","07","RNhi10395",TRUE,"1772-064-103_B07"
"1772-064-103","2","RNhi10395-B08","custom","CAGAGAGG-CTCTCTAT","LS2069","LS2069_RNhi10395_Lane2",1058,100,7009420,2.05,100,85.92,33.3,"B08","B","08","RNhi10395",FALSE,"1772-064-103_B08"
"1772-064-103","2","RNhi10395-B09","custom","GCTACGCT-CTCTCTAT","LS2069","LS2069_RNhi10395_Lane2",0,NA,0,0,NA,NA,NA,"B09","B","09","RNhi10395",FALSE,"1772-064-103_B09"
"1772-064-103","2","RNhi10395-B10","custom","CGAGGCTG-CTCTCTAT","LS2069","LS2069_RNhi10395_Lane2",479,100,3169152,0.93,100,86.3,33.45,"B10","B","10","RNhi10395",TRUE,"1772-064-103_B10"
"1772-064-103","2","RNhi10395-B11","custom","AAGAGGCA-CTCTCTAT","LS2069","LS2069_RNhi10395_Lane2",638,100,4226746,1.23,100,87.22,33.72,"B11","B","11","RNhi10395",TRUE,"1772-064-103_B11"
"1772-064-103","2","RNhi10395-B12","custom","GTAGAGGA-CTCTCTAT","LS2069","LS2069_RNhi10395_Lane2",568,100,3761380,1.1,100,87.45,33.82,"B12","B","12","RNhi10395",TRUE,"1772-064-103_B12"
"1772-064-103","2","RNhi10395-C01","custom","TAAGGCGA-TATCCTCT","LS2069","LS2069_RNhi10395_Lane2",573,100,3793558,1.11,100,86,33.33,"C01","C","01","RNhi10395",TRUE,"1772-064-103_C01"
"1772-064-103","2","RNhi10395-C02","custom","CGTACTAG-TATCCTCT","LS2069","LS2069_RNhi10395_Lane2",601,100,3981930,1.16,100,86.38,33.46,"C02","C","02","RNhi10395",TRUE,"1772-064-103_C02"
"1772-064-103","2","RNhi10395-C03","custom","AGGCAGAA-TATCCTCT","LS2069","LS2069_RNhi10395_Lane2",636,100,4212144,1.23,100,86.28,33.42,"C03","C","03","RNhi10395",TRUE,"1772-064-103_C03"
"1772-064-103","2","RNhi10395-C04","custom","TCCTGAGC-TATCCTCT","LS2069","LS2069_RNhi10395_Lane2",621,100,4115252,1.2,100,86.67,33.53,"C04","C","04","RNhi10395",TRUE,"1772-064-103_C04"
"1772-064-103","2","RNhi10395-C05","custom","GGACTCCT-TATCCTCT","LS2069","LS2069_RNhi10395_Lane2",596,100,3949548,1.15,100,86.98,33.64,"C05","C","05","RNhi10395",TRUE,"1772-064-103_C05"
"1772-064-103","2","RNhi10395-C06","custom","TAGGCATG-TATCCTCT","LS2069","LS2069_RNhi10395_Lane2",531,100,3514530,1.03,100,86.29,33.44,"C06","C","06","RNhi10395",TRUE,"1772-064-103_C06"
"1772-064-103","2","RNhi10395-C07","custom","CTCTCTAC-TATCCTCT","LS2069","LS2069_RNhi10395_Lane2",627,100,4150714,1.21,100,86.72,33.56,"C07","C","07","RNhi10395",TRUE,"1772-064-103_C07"
"1772-064-103","2","RNhi10395-C08","custom","CAGAGAGG-TATCCTCT","LS2069","LS2069_RNhi10395_Lane2",1122,100,7430660,2.17,100,86.13,33.37,"C08","C","08","RNhi10395",FALSE,"1772-064-103_C08"
"1772-064-103","2","RNhi10395-C09","custom","GCTACGCT-TATCCTCT","LS2069","LS2069_RNhi10395_Lane2",0,100,8,0,100,50.58,20.61,"C09","C","09","RNhi10395",FALSE,"1772-064-103_C09"
"1772-064-103","2","RNhi10395-C10","custom","CGAGGCTG-TATCCTCT","LS2069","LS2069_RNhi10395_Lane2",554,100,3670232,1.07,100,86.51,33.5,"C10","C","10","RNhi10395",TRUE,"1772-064-103_C10"
"1772-064-103","2","RNhi10395-C11","custom","AAGAGGCA-TATCCTCT","LS2069","LS2069_RNhi10395_Lane2",643,100,4259330,1.24,100,87.28,33.77,"C11","C","11","RNhi10395",TRUE,"1772-064-103_C11"
"1772-064-103","2","RNhi10395-C12","custom","GTAGAGGA-TATCCTCT","LS2069","LS2069_RNhi10395_Lane2",626,100,4144632,1.21,100,87.21,33.75,"C12","C","12","RNhi10395",TRUE,"1772-064-103_C12"
"1772-064-103","2","RNhi10395-D01","custom","TAAGGCGA-AGAGTAGA","LS2069","LS2069_RNhi10395_Lane2",501,100,3318058,0.97,100,84.8,33.04,"D01","D","01","RNhi10395",TRUE,"1772-064-103_D01"
"1772-064-103","2","RNhi10395-D02","custom","CGTACTAG-AGAGTAGA","LS2069","LS2069_RNhi10395_Lane2",514,100,3403842,0.99,100,84.77,33.02,"D02","D","02","RNhi10395",TRUE,"1772-064-103_D02"
"1772-064-103","2","RNhi10395-D03","custom","AGGCAGAA-AGAGTAGA","LS2069","LS2069_RNhi10395_Lane2",463,100,3063630,0.89,100,84.73,33.01,"D03","D","03","RNhi10395",TRUE,"1772-064-103_D03"
"1772-064-103","2","RNhi10395-D04","custom","TCCTGAGC-AGAGTAGA","LS2069","LS2069_RNhi10395_Lane2",166,100,1102440,0.32,100,81.71,31.93,"D04","D","04","RNhi10395",TRUE,"1772-064-103_D04"
"1772-064-103","2","RNhi10395-D05","custom","GGACTCCT-AGAGTAGA","LS2069","LS2069_RNhi10395_Lane2",468,100,3102524,0.91,100,85.39,33.2,"D05","D","05","RNhi10395",TRUE,"1772-064-103_D05"
"1772-064-103","2","RNhi10395-D06","custom","TAGGCATG-AGAGTAGA","LS2069","LS2069_RNhi10395_Lane2",385,100,2551968,0.75,100,84.51,32.94,"D06","D","06","RNhi10395",TRUE,"1772-064-103_D06"
"1772-064-103","2","RNhi10395-D07","custom","CTCTCTAC-AGAGTAGA","LS2069","LS2069_RNhi10395_Lane2",528,100,3494840,1.02,100,85.02,33.09,"D07","D","07","RNhi10395",TRUE,"1772-064-103_D07"
"1772-064-103","2","RNhi10395-D08","custom","CAGAGAGG-AGAGTAGA","LS2069","LS2069_RNhi10395_Lane2",840,100,5562168,1.62,100,83.98,32.76,"D08","D","08","RNhi10395",FALSE,"1772-064-103_D08"
"1772-064-103","2","RNhi10395-D09","custom","GCTACGCT-AGAGTAGA","LS2069","LS2069_RNhi10395_Lane2",0,NA,0,0,NA,NA,NA,"D09","D","09","RNhi10395",FALSE,"1772-064-103_D09"
"1772-064-103","2","RNhi10395-D10","custom","CGAGGCTG-AGAGTAGA","LS2069","LS2069_RNhi10395_Lane2",474,100,3139268,0.92,100,84.38,32.9,"D10","D","10","RNhi10395",TRUE,"1772-064-103_D10"
"1772-064-103","2","RNhi10395-D11","custom","AAGAGGCA-AGAGTAGA","LS2069","LS2069_RNhi10395_Lane2",561,100,3712356,1.08,100,86.03,33.43,"D11","D","11","RNhi10395",TRUE,"1772-064-103_D11"
"1772-064-103","2","RNhi10395-D12","custom","GTAGAGGA-AGAGTAGA","LS2069","LS2069_RNhi10395_Lane2",545,100,3606070,1.05,100,86.14,33.46,"D12","D","12","RNhi10395",TRUE,"1772-064-103_D12"
"1772-064-103","2","RNhi10395-E01","custom","TAAGGCGA-GTAAGGAG","LS2069","LS2069_RNhi10395_Lane2",621,100,4112914,1.2,100,85.85,33.31,"E01","E","01","RNhi10395",TRUE,"1772-064-103_E01"
"1772-064-103","2","RNhi10395-E02","custom","CGTACTAG-GTAAGGAG","LS2069","LS2069_RNhi10395_Lane2",606,100,4013682,1.17,100,85.56,33.2,"E02","E","02","RNhi10395",TRUE,"1772-064-103_E02"
"1772-064-103","2","RNhi10395-E03","custom","AGGCAGAA-GTAAGGAG","LS2069","LS2069_RNhi10395_Lane2",541,100,3579486,1.05,100,85.25,33.08,"E03","E","03","RNhi10395",TRUE,"1772-064-103_E03"
"1772-064-103","2","RNhi10395-E04","custom","TCCTGAGC-GTAAGGAG","LS2069","LS2069_RNhi10395_Lane2",522,100,3455894,1.01,100,85.15,33.08,"E04","E","04","RNhi10395",TRUE,"1772-064-103_E04"
"1772-064-103","2","RNhi10395-E05","custom","GGACTCCT-GTAAGGAG","LS2069","LS2069_RNhi10395_Lane2",548,100,3628726,1.06,100,85.84,33.28,"E05","E","05","RNhi10395",TRUE,"1772-064-103_E05"
"1772-064-103","2","RNhi10395-E06","custom","TAGGCATG-GTAAGGAG","LS2069","LS2069_RNhi10395_Lane2",558,100,3698650,1.08,100,85.81,33.29,"E06","E","06","RNhi10395",TRUE,"1772-064-103_E06"
"1772-064-103","2","RNhi10395-E07","custom","CTCTCTAC-GTAAGGAG","LS2069","LS2069_RNhi10395_Lane2",503,100,3328590,0.97,100,85.62,33.23,"E07","E","07","RNhi10395",TRUE,"1772-064-103_E07"
"1772-064-103","2","RNhi10395-E08","custom","CAGAGAGG-GTAAGGAG","LS2069","LS2069_RNhi10395_Lane2",941,100,6229182,1.82,100,85.07,33.03,"E08","E","08","RNhi10395",FALSE,"1772-064-103_E08"
"1772-064-103","2","RNhi10395-E09","custom","GCTACGCT-GTAAGGAG","LS2069","LS2069_RNhi10395_Lane2",0,NA,0,0,NA,NA,NA,"E09","E","09","RNhi10395",FALSE,"1772-064-103_E09"
"1772-064-103","2","RNhi10395-E10","custom","CGAGGCTG-GTAAGGAG","LS2069","LS2069_RNhi10395_Lane2",548,100,3630736,1.06,100,85.62,33.24,"E10","E","10","RNhi10395",TRUE,"1772-064-103_E10"
"1772-064-103","2","RNhi10395-E11","custom","AAGAGGCA-GTAAGGAG","LS2069","LS2069_RNhi10395_Lane2",558,100,3694374,1.08,100,86.32,33.46,"E11","E","11","RNhi10395",TRUE,"1772-064-103_E11"
"1772-064-103","2","RNhi10395-E12","custom","GTAGAGGA-GTAAGGAG","LS2069","LS2069_RNhi10395_Lane2",592,100,3920898,1.14,100,86.56,33.53,"E12","E","12","RNhi10395",TRUE,"1772-064-103_E12"
"1772-064-103","2","RNhi10395-F01","custom","TAAGGCGA-ACTGCATA","LS2069","LS2069_RNhi10395_Lane2",704,100,4664410,1.36,100,86.45,33.47,"F01","F","01","RNhi10395",TRUE,"1772-064-103_F01"
"1772-064-103","2","RNhi10395-F02","custom","CGTACTAG-ACTGCATA","LS2069","LS2069_RNhi10395_Lane2",530,100,3513152,1.03,100,85.85,33.27,"F02","F","02","RNhi10395",TRUE,"1772-064-103_F02"
"1772-064-103","2","RNhi10395-F03","custom","AGGCAGAA-ACTGCATA","LS2069","LS2069_RNhi10395_Lane2",641,100,4242070,1.24,100,86.24,33.41,"F03","F","03","RNhi10395",TRUE,"1772-064-103_F03"
"1772-064-103","2","RNhi10395-F04","custom","TCCTGAGC-ACTGCATA","LS2069","LS2069_RNhi10395_Lane2",527,100,3490516,1.02,100,86.07,33.34,"F04","F","04","RNhi10395",TRUE,"1772-064-103_F04"
"1772-064-103","2","RNhi10395-F05","custom","GGACTCCT-ACTGCATA","LS2069","LS2069_RNhi10395_Lane2",536,100,3549274,1.04,100,86.35,33.43,"F05","F","05","RNhi10395",TRUE,"1772-064-103_F05"
"1772-064-103","2","RNhi10395-F06","custom","TAGGCATG-ACTGCATA","LS2069","LS2069_RNhi10395_Lane2",566,100,3750236,1.09,100,85.99,33.31,"F06","F","06","RNhi10395",TRUE,"1772-064-103_F06"
"1772-064-103","2","RNhi10395-F07","custom","CTCTCTAC-ACTGCATA","LS2069","LS2069_RNhi10395_Lane2",626,100,4148606,1.21,100,85.99,33.29,"F07","F","07","RNhi10395",TRUE,"1772-064-103_F07"
"1772-064-103","2","RNhi10395-F08","custom","CAGAGAGG-ACTGCATA","LS2069","LS2069_RNhi10395_Lane2",62,100,413052,0.12,100,76.21,29.88,"F08","F","08","RNhi10395",FALSE,"1772-064-103_F08"
"1772-064-103","2","RNhi10395-F09","custom","GCTACGCT-ACTGCATA","LS2069","LS2069_RNhi10395_Lane2",0,100,4,0,100,74.83,28.47,"F09","F","09","RNhi10395",FALSE,"1772-064-103_F09"
"1772-064-103","2","RNhi10395-F10","custom","CGAGGCTG-ACTGCATA","LS2069","LS2069_RNhi10395_Lane2",475,100,3142762,0.92,100,85.66,33.24,"F10","F","10","RNhi10395",TRUE,"1772-064-103_F10"
"1772-064-103","2","RNhi10395-F11","custom","AAGAGGCA-ACTGCATA","LS2069","LS2069_RNhi10395_Lane2",675,100,4471382,1.31,100,86.48,33.46,"F11","F","11","RNhi10395",TRUE,"1772-064-103_F11"
"1772-064-103","2","RNhi10395-F12","custom","GTAGAGGA-ACTGCATA","LS2069","LS2069_RNhi10395_Lane2",624,100,4133668,1.21,100,86.98,33.63,"F12","F","12","RNhi10395",TRUE,"1772-064-103_F12"
"1772-064-103","2","RNhi10395-G01","custom","TAAGGCGA-AAGGAGTA","LS2069","LS2069_RNhi10395_Lane2",530,100,3511550,1.03,100,86.27,33.41,"G01","G","01","RNhi10395",TRUE,"1772-064-103_G01"
"1772-064-103","2","RNhi10395-G02","custom","CGTACTAG-AAGGAGTA","LS2069","LS2069_RNhi10395_Lane2",515,100,3410242,1,100,85.99,33.32,"G02","G","02","RNhi10395",TRUE,"1772-064-103_G02"
"1772-064-103","2","RNhi10395-G03","custom","AGGCAGAA-AAGGAGTA","LS2069","LS2069_RNhi10395_Lane2",673,100,4456632,1.3,100,86.49,33.46,"G03","G","03","RNhi10395",TRUE,"1772-064-103_G03"
"1772-064-103","2","RNhi10395-G04","custom","TCCTGAGC-AAGGAGTA","LS2069","LS2069_RNhi10395_Lane2",530,100,3510814,1.02,100,85.34,33.17,"G04","G","04","RNhi10395",TRUE,"1772-064-103_G04"
"1772-064-103","2","RNhi10395-G05","custom","GGACTCCT-AAGGAGTA","LS2069","LS2069_RNhi10395_Lane2",524,100,3470716,1.01,100,86.41,33.45,"G05","G","05","RNhi10395",TRUE,"1772-064-103_G05"
"1772-064-103","2","RNhi10395-G06","custom","TAGGCATG-AAGGAGTA","LS2069","LS2069_RNhi10395_Lane2",581,100,3845886,1.12,100,86.38,33.46,"G06","G","06","RNhi10395",TRUE,"1772-064-103_G06"
"1772-064-103","2","RNhi10395-G07","custom","CTCTCTAC-AAGGAGTA","LS2069","LS2069_RNhi10395_Lane2",542,100,3589902,1.05,100,86.46,33.48,"G07","G","07","RNhi10395",TRUE,"1772-064-103_G07"
"1772-064-103","2","RNhi10395-G08","custom","CAGAGAGG-AAGGAGTA","LS2069","LS2069_RNhi10395_Lane2",976,100,6461416,1.89,100,85.54,33.14,"G08","G","08","RNhi10395",FALSE,"1772-064-103_G08"
"1772-064-103","2","RNhi10395-G09","custom","GCTACGCT-AAGGAGTA","LS2069","LS2069_RNhi10395_Lane2",0,NA,0,0,NA,NA,NA,"G09","G","09","RNhi10395",FALSE,"1772-064-103_G09"
"1772-064-103","2","RNhi10395-G10","custom","CGAGGCTG-AAGGAGTA","LS2069","LS2069_RNhi10395_Lane2",519,100,3436452,1,100,86.28,33.42,"G10","G","10","RNhi10395",TRUE,"1772-064-103_G10"
"1772-064-103","2","RNhi10395-G11","custom","AAGAGGCA-AAGGAGTA","LS2069","LS2069_RNhi10395_Lane2",583,100,3861112,1.13,100,87,33.65,"G11","G","11","RNhi10395",TRUE,"1772-064-103_G11"
"1772-064-103","2","RNhi10395-G12","custom","GTAGAGGA-AAGGAGTA","LS2069","LS2069_RNhi10395_Lane2",675,100,4472092,1.31,100,87.4,33.78,"G12","G","12","RNhi10395",TRUE,"1772-064-103_G12"
"1772-064-103","2","RNhi10395-H01","custom","TAAGGCGA-CTAAGCCT","LS2069","LS2069_RNhi10395_Lane2",487,100,3225826,0.94,100,86.89,33.65,"H01","H","01","RNhi10395",TRUE,"1772-064-103_H01"
"1772-064-103","2","RNhi10395-H02","custom","CGTACTAG-CTAAGCCT","LS2069","LS2069_RNhi10395_Lane2",564,100,3735796,1.09,100,86.1,33.37,"H02","H","02","RNhi10395",TRUE,"1772-064-103_H02"
"1772-064-103","2","RNhi10395-H03","custom","AGGCAGAA-CTAAGCCT","LS2069","LS2069_RNhi10395_Lane2",153,100,1012988,0.3,100,82.01,31.92,"H03","H","03","RNhi10395",TRUE,"1772-064-103_H03"
"1772-064-103","2","RNhi10395-H04","custom","TCCTGAGC-CTAAGCCT","LS2069","LS2069_RNhi10395_Lane2",568,100,3759456,1.1,100,86.62,33.53,"H04","H","04","RNhi10395",TRUE,"1772-064-103_H04"
"1772-064-103","2","RNhi10395-H05","custom","GGACTCCT-CTAAGCCT","LS2069","LS2069_RNhi10395_Lane2",475,100,3145162,0.92,100,86.73,33.58,"H05","H","05","RNhi10395",TRUE,"1772-064-103_H05"
"1772-064-103","2","RNhi10395-H06","custom","TAGGCATG-CTAAGCCT","LS2069","LS2069_RNhi10395_Lane2",499,100,3302846,0.96,100,86.41,33.49,"H06","H","06","RNhi10395",TRUE,"1772-064-103_H06"
"1772-064-103","2","RNhi10395-H07","custom","CTCTCTAC-CTAAGCCT","LS2069","LS2069_RNhi10395_Lane2",515,100,3412116,1,100,86.49,33.5,"H07","H","07","RNhi10395",TRUE,"1772-064-103_H07"
"1772-064-103","2","RNhi10395-H08","custom","CAGAGAGG-CTAAGCCT","LS2069","LS2069_RNhi10395_Lane2",966,100,6397540,1.87,100,85.83,33.27,"H08","H","08","RNhi10395",FALSE,"1772-064-103_H08"
"1772-064-103","2","RNhi10395-H09","custom","GCTACGCT-CTAAGCCT","LS2069","LS2069_RNhi10395_Lane2",0,NA,0,0,NA,NA,NA,"H09","H","09","RNhi10395",FALSE,"1772-064-103_H09"
"1772-064-103","2","RNhi10395-H10","custom","CGAGGCTG-CTAAGCCT","LS2069","LS2069_RNhi10395_Lane2",477,100,3161038,0.92,100,86.25,33.44,"H10","H","10","RNhi10395",TRUE,"1772-064-103_H10"
"1772-064-103","2","RNhi10395-H11","custom","AAGAGGCA-CTAAGCCT","LS2069","LS2069_RNhi10395_Lane2",509,100,3369578,0.98,100,86.71,33.58,"H11","H","11","RNhi10395",TRUE,"1772-064-103_H11"
"1772-064-103","2","RNhi10395-H12","custom","GTAGAGGA-CTAAGCCT","LS2069","LS2069_RNhi10395_Lane2",45,100,298882,0.09,100,79.65,31.1,"H12","H","12","RNhi10395",TRUE,"1772-064-103_H12"
"1772-064-103","2","Undetermined","unknown","Undetermined","LS2069","Undetermined_indices",1751,100,11594396,3.38,0,70.32,28.4,NA,NA,NA,"Undetermined",TRUE,"1772-064-103_NA"
"1772-062-248","1","RNhi10371-G11","hg19","AAGAGGCA-AAGGAGTA","LS2026","LS2026_RNhi10371_Lane1",744,100,4929682,1.36,100,84.51,33.08,"G11","G","11","RNhi10371",TRUE,"1772-062-248_G11"
"1772-062-248","1","RNhi10371-F11","hg19","AAGAGGCA-ACTGCATA","LS2026","LS2026_RNhi10371_Lane1",662,100,4383250,1.21,100,83.57,32.8,"F11","F","11","RNhi10371",TRUE,"1772-062-248_F11"
"1772-062-248","1","RNhi10371-D11","hg19","AAGAGGCA-AGAGTAGA","LS2026","LS2026_RNhi10371_Lane1",69,100,453806,0.12,100,74.63,29.92,"D11","D","11","RNhi10371",TRUE,"1772-062-248_D11"
"1772-062-248","1","RNhi10371-H11","hg19","AAGAGGCA-CTAAGCCT","LS2026","LS2026_RNhi10371_Lane1",678,100,4492252,1.24,100,83.01,32.64,"H11","H","11","RNhi10371",TRUE,"1772-062-248_H11"
"1772-062-248","1","RNhi10371-B11","hg19","AAGAGGCA-CTCTCTAT","LS2026","LS2026_RNhi10371_Lane1",649,100,4295252,1.18,100,84.07,32.98,"B11","B","11","RNhi10371",TRUE,"1772-062-248_B11"
"1772-062-248","1","RNhi10371-E11","hg19","AAGAGGCA-GTAAGGAG","LS2026","LS2026_RNhi10371_Lane1",648,100,4290116,1.18,100,83.48,32.8,"E11","E","11","RNhi10371",TRUE,"1772-062-248_E11"
"1772-062-248","1","RNhi10371-A11","hg19","AAGAGGCA-TAGATCGC","LS2026","LS2026_RNhi10371_Lane1",912,100,6041156,1.66,100,84.1,33.01,"A11","A","11","RNhi10371",TRUE,"1772-062-248_A11"
"1772-062-248","1","RNhi10371-C11","hg19","AAGAGGCA-TATCCTCT","LS2026","LS2026_RNhi10371_Lane1",92,100,606334,0.17,100,76.47,30.38,"C11","C","11","RNhi10371",TRUE,"1772-062-248_C11"
"1772-062-248","1","RNhi10371-G03","hg19","AGGCAGAA-AAGGAGTA","LS2026","LS2026_RNhi10371_Lane1",717,100,4749246,1.31,100,81.6,32.22,"G03","G","03","RNhi10371",TRUE,"1772-062-248_G03"
"1772-062-248","1","RNhi10371-F03","hg19","AGGCAGAA-ACTGCATA","LS2026","LS2026_RNhi10371_Lane1",737,100,4883342,1.34,100,80.55,31.9,"F03","F","03","RNhi10371",TRUE,"1772-062-248_F03"
"1772-062-248","1","RNhi10371-D03","hg19","AGGCAGAA-AGAGTAGA","LS2026","LS2026_RNhi10371_Lane1",652,100,4320036,1.19,100,78.8,31.41,"D03","D","03","RNhi10371",TRUE,"1772-062-248_D03"
"1772-062-248","1","RNhi10371-H03","hg19","AGGCAGAA-CTAAGCCT","LS2026","LS2026_RNhi10371_Lane1",676,100,4475742,1.23,100,80.64,31.96,"H03","H","03","RNhi10371",TRUE,"1772-062-248_H03"
"1772-062-248","1","RNhi10371-B03","hg19","AGGCAGAA-CTCTCTAT","LS2026","LS2026_RNhi10371_Lane1",505,100,3345438,0.92,100,80.6,31.92,"B03","B","03","RNhi10371",TRUE,"1772-062-248_B03"
"1772-062-248","1","RNhi10371-E03","hg19","AGGCAGAA-GTAAGGAG","LS2026","LS2026_RNhi10371_Lane1",630,100,4173096,1.15,100,80.77,31.99,"E03","E","03","RNhi10371",TRUE,"1772-062-248_E03"
"1772-062-248","1","RNhi10371-A03","hg19","AGGCAGAA-TAGATCGC","LS2026","LS2026_RNhi10371_Lane1",709,100,4698330,1.29,100,79.94,31.74,"A03","A","03","RNhi10371",TRUE,"1772-062-248_A03"
"1772-062-248","1","RNhi10371-C03","hg19","AGGCAGAA-TATCCTCT","LS2026","LS2026_RNhi10371_Lane1",838,100,5549244,1.53,100,81.42,32.18,"C03","C","03","RNhi10371",TRUE,"1772-062-248_C03"
"1772-062-248","1","RNhi10371-G08","hg19","CAGAGAGG-AAGGAGTA","LS2026","LS2026_RNhi10371_Lane1",637,100,4221222,1.16,100,82.89,32.59,"G08","G","08","RNhi10371",TRUE,"1772-062-248_G08"
"1772-062-248","1","RNhi10371-F08","hg19","CAGAGAGG-ACTGCATA","LS2026","LS2026_RNhi10371_Lane1",580,100,3843704,1.06,100,82.45,32.46,"F08","F","08","RNhi10371",TRUE,"1772-062-248_F08"
"1772-062-248","1","RNhi10371-D08","hg19","CAGAGAGG-AGAGTAGA","LS2026","LS2026_RNhi10371_Lane1",552,100,3652470,1,100,80.39,31.9,"D08","D","08","RNhi10371",TRUE,"1772-062-248_D08"
"1772-062-248","1","RNhi10371-H08","hg19","CAGAGAGG-CTAAGCCT","LS2026","LS2026_RNhi10371_Lane1",602,100,3987018,1.1,100,82.58,32.53,"H08","H","08","RNhi10371",TRUE,"1772-062-248_H08"
"1772-062-248","1","RNhi10371-B08","hg19","CAGAGAGG-CTCTCTAT","LS2026","LS2026_RNhi10371_Lane1",618,100,4091790,1.13,100,81.94,32.32,"B08","B","08","RNhi10371",TRUE,"1772-062-248_B08"
"1772-062-248","1","RNhi10371-E08","hg19","CAGAGAGG-GTAAGGAG","LS2026","LS2026_RNhi10371_Lane1",578,100,3830640,1.05,100,82.29,32.43,"E08","E","08","RNhi10371",TRUE,"1772-062-248_E08"
"1772-062-248","1","RNhi10371-A08","hg19","CAGAGAGG-TAGATCGC","LS2026","LS2026_RNhi10371_Lane1",108,100,712880,0.2,100,75.22,30.07,"A08","A","08","RNhi10371",TRUE,"1772-062-248_A08"
"1772-062-248","1","RNhi10371-C08","hg19","CAGAGAGG-TATCCTCT","LS2026","LS2026_RNhi10371_Lane1",73,100,484136,0.13,100,74.8,29.83,"C08","C","08","RNhi10371",TRUE,"1772-062-248_C08"
"1772-062-248","1","RNhi10371-G10","hg19","CGAGGCTG-AAGGAGTA","LS2026","LS2026_RNhi10371_Lane1",553,100,3661150,1.01,100,82.53,32.48,"G10","G","10","RNhi10371",TRUE,"1772-062-248_G10"
"1772-062-248","1","RNhi10371-F10","hg19","CGAGGCTG-ACTGCATA","LS2026","LS2026_RNhi10371_Lane1",631,100,4179724,1.15,100,82.63,32.52,"F10","F","10","RNhi10371",TRUE,"1772-062-248_F10"
"1772-062-248","1","RNhi10371-D10","hg19","CGAGGCTG-AGAGTAGA","LS2026","LS2026_RNhi10371_Lane1",490,100,3243322,0.89,100,80.27,31.86,"D10","D","10","RNhi10371",TRUE,"1772-062-248_D10"
"1772-062-248","1","RNhi10371-H10","hg19","CGAGGCTG-CTAAGCCT","LS2026","LS2026_RNhi10371_Lane1",611,100,4043870,1.11,100,82.46,32.5,"H10","H","10","RNhi10371",TRUE,"1772-062-248_H10"
"1772-062-248","1","RNhi10371-B10","hg19","CGAGGCTG-CTCTCTAT","LS2026","LS2026_RNhi10371_Lane1",367,100,2432248,0.67,100,82.28,32.42,"B10","B","10","RNhi10371",TRUE,"1772-062-248_B10"
"1772-062-248","1","RNhi10371-E10","hg19","CGAGGCTG-GTAAGGAG","LS2026","LS2026_RNhi10371_Lane1",540,100,3574830,0.98,100,82.4,32.48,"E10","E","10","RNhi10371",TRUE,"1772-062-248_E10"
"1772-062-248","1","RNhi10371-A10","hg19","CGAGGCTG-TAGATCGC","LS2026","LS2026_RNhi10371_Lane1",41,100,268614,0.07,100,74.9,29.98,"A10","A","10","RNhi10371",TRUE,"1772-062-248_A10"
"1772-062-248","1","RNhi10371-C10","hg19","CGAGGCTG-TATCCTCT","LS2026","LS2026_RNhi10371_Lane1",596,100,3945070,1.09,100,83.15,32.7,"C10","C","10","RNhi10371",TRUE,"1772-062-248_C10"
"1772-062-248","1","RNhi10371-G02","hg19","CGTACTAG-AAGGAGTA","LS2026","LS2026_RNhi10371_Lane1",621,100,4113358,1.13,100,82.58,32.5,"G02","G","02","RNhi10371",TRUE,"1772-062-248_G02"
"1772-062-248","1","RNhi10371-F02","hg19","CGTACTAG-ACTGCATA","LS2026","LS2026_RNhi10371_Lane1",639,100,4234282,1.17,100,82.09,32.35,"F02","F","02","RNhi10371",TRUE,"1772-062-248_F02"
"1772-062-248","1","RNhi10371-D02","hg19","CGTACTAG-AGAGTAGA","LS2026","LS2026_RNhi10371_Lane1",513,100,3399234,0.94,100,80.05,31.79,"D02","D","02","RNhi10371",TRUE,"1772-062-248_D02"
"1772-062-248","1","RNhi10371-H02","hg19","CGTACTAG-CTAAGCCT","LS2026","LS2026_RNhi10371_Lane1",680,100,4504998,1.24,100,82.55,32.53,"H02","H","02","RNhi10371",TRUE,"1772-062-248_H02"
"1772-062-248","1","RNhi10371-B02","hg19","CGTACTAG-CTCTCTAT","LS2026","LS2026_RNhi10371_Lane1",504,100,3337578,0.92,100,82.74,32.57,"B02","B","02","RNhi10371",TRUE,"1772-062-248_B02"
"1772-062-248","1","RNhi10371-E02","hg19","CGTACTAG-GTAAGGAG","LS2026","LS2026_RNhi10371_Lane1",588,100,3892596,1.07,100,82.19,32.41,"E02","E","02","RNhi10371",TRUE,"1772-062-248_E02"
"1772-062-248","1","RNhi10371-A02","hg19","CGTACTAG-TAGATCGC","LS2026","LS2026_RNhi10371_Lane1",138,100,914732,0.25,100,77.69,30.85,"A02","A","02","RNhi10371",TRUE,"1772-062-248_A02"
"1772-062-248","1","RNhi10371-C02","hg19","CGTACTAG-TATCCTCT","LS2026","LS2026_RNhi10371_Lane1",63,100,417050,0.11,100,74.99,29.9,"C02","C","02","RNhi10371",TRUE,"1772-062-248_C02"
"1772-062-248","1","RNhi10371-G07","hg19","CTCTCTAC-AAGGAGTA","LS2026","LS2026_RNhi10371_Lane1",657,100,4349626,1.2,100,83.63,32.81,"G07","G","07","RNhi10371",TRUE,"1772-062-248_G07"
"1772-062-248","1","RNhi10371-F07","hg19","CTCTCTAC-ACTGCATA","LS2026","LS2026_RNhi10371_Lane1",644,100,4266916,1.17,100,83.24,32.69,"F07","F","07","RNhi10371",TRUE,"1772-062-248_F07"
"1772-062-248","1","RNhi10371-D07","hg19","CTCTCTAC-AGAGTAGA","LS2026","LS2026_RNhi10371_Lane1",90,100,593336,0.16,100,74.53,29.89,"D07","D","07","RNhi10371",TRUE,"1772-062-248_D07"
"1772-062-248","1","RNhi10371-H07","hg19","CTCTCTAC-CTAAGCCT","LS2026","LS2026_RNhi10371_Lane1",471,100,3118708,0.86,100,82.46,32.46,"H07","H","07","RNhi10371",TRUE,"1772-062-248_H07"
"1772-062-248","1","RNhi10371-B07","hg19","CTCTCTAC-CTCTCTAT","LS2026","LS2026_RNhi10371_Lane1",194,100,1287776,0.35,100,78.28,30.96,"B07","B","07","RNhi10371",TRUE,"1772-062-248_B07"
"1772-062-248","1","RNhi10371-E07","hg19","CTCTCTAC-GTAAGGAG","LS2026","LS2026_RNhi10371_Lane1",466,100,3088790,0.85,100,82.79,32.57,"E07","E","07","RNhi10371",TRUE,"1772-062-248_E07"
"1772-062-248","1","RNhi10371-A07","hg19","CTCTCTAC-TAGATCGC","LS2026","LS2026_RNhi10371_Lane1",797,100,5280674,1.45,100,83.5,32.81,"A07","A","07","RNhi10371",TRUE,"1772-062-248_A07"
"1772-062-248","1","RNhi10371-C07","hg19","CTCTCTAC-TATCCTCT","LS2026","LS2026_RNhi10371_Lane1",608,100,4028538,1.11,100,83.46,32.76,"C07","C","07","RNhi10371",TRUE,"1772-062-248_C07"
"1772-062-248","1","RNhi10371-G09","hg19","GCTACGCT-AAGGAGTA","LS2026","LS2026_RNhi10371_Lane1",584,100,3866898,1.06,100,84.45,33.05,"G09","G","09","RNhi10371",TRUE,"1772-062-248_G09"
"1772-062-248","1","RNhi10371-F09","hg19","GCTACGCT-ACTGCATA","LS2026","LS2026_RNhi10371_Lane1",475,100,3146432,0.87,100,83.78,32.84,"F09","F","09","RNhi10371",TRUE,"1772-062-248_F09"
"1772-062-248","1","RNhi10371-D09","hg19","GCTACGCT-AGAGTAGA","LS2026","LS2026_RNhi10371_Lane1",449,100,2970826,0.82,100,82.16,32.41,"D09","D","09","RNhi10371",TRUE,"1772-062-248_D09"
"1772-062-248","1","RNhi10371-H09","hg19","GCTACGCT-CTAAGCCT","LS2026","LS2026_RNhi10371_Lane1",702,100,4648774,1.28,100,84.03,32.95,"H09","H","09","RNhi10371",TRUE,"1772-062-248_H09"
"1772-062-248","1","RNhi10371-B09","hg19","GCTACGCT-CTCTCTAT","LS2026","LS2026_RNhi10371_Lane1",89,100,590958,0.16,100,77.17,30.55,"B09","B","09","RNhi10371",TRUE,"1772-062-248_B09"
"1772-062-248","1","RNhi10371-E09","hg19","GCTACGCT-GTAAGGAG","LS2026","LS2026_RNhi10371_Lane1",460,100,3046296,0.84,100,83.65,32.83,"E09","E","09","RNhi10371",TRUE,"1772-062-248_E09"
"1772-062-248","1","RNhi10371-A09","hg19","GCTACGCT-TAGATCGC","LS2026","LS2026_RNhi10371_Lane1",428,100,2837146,0.78,100,83.1,32.66,"A09","A","09","RNhi10371",TRUE,"1772-062-248_A09"
"1772-062-248","1","RNhi10371-C09","hg19","GCTACGCT-TATCCTCT","LS2026","LS2026_RNhi10371_Lane1",375,100,2482386,0.68,100,83.89,32.87,"C09","C","09","RNhi10371",TRUE,"1772-062-248_C09"
"1772-062-248","1","RNhi10371-G05","hg19","GGACTCCT-AAGGAGTA","LS2026","LS2026_RNhi10371_Lane1",579,100,3836732,1.06,100,83.57,32.78,"G05","G","05","RNhi10371",TRUE,"1772-062-248_G05"
"1772-062-248","1","RNhi10371-F05","hg19","GGACTCCT-ACTGCATA","LS2026","LS2026_RNhi10371_Lane1",774,100,5128258,1.41,100,83.8,32.85,"F05","F","05","RNhi10371",TRUE,"1772-062-248_F05"
"1772-062-248","1","RNhi10371-D05","hg19","GGACTCCT-AGAGTAGA","LS2026","LS2026_RNhi10371_Lane1",627,100,4150602,1.14,100,82.25,32.46,"D05","D","05","RNhi10371",TRUE,"1772-062-248_D05"
"1772-062-248","1","RNhi10371-H05","hg19","GGACTCCT-CTAAGCCT","LS2026","LS2026_RNhi10371_Lane1",564,100,3733254,1.03,100,83.91,32.92,"H05","H","05","RNhi10371",TRUE,"1772-062-248_H05"
"1772-062-248","1","RNhi10371-B05","hg19","GGACTCCT-CTCTCTAT","LS2026","LS2026_RNhi10371_Lane1",478,100,3166658,0.87,100,83.54,32.78,"B05","B","05","RNhi10371",TRUE,"1772-062-248_B05"
"1772-062-248","1","RNhi10371-E05","hg19","GGACTCCT-GTAAGGAG","LS2026","LS2026_RNhi10371_Lane1",571,100,3782436,1.04,100,83.01,32.63,"E05","E","05","RNhi10371",TRUE,"1772-062-248_E05"
"1772-062-248","1","RNhi10371-A05","hg19","GGACTCCT-TAGATCGC","LS2026","LS2026_RNhi10371_Lane1",613,100,4056928,1.12,100,83.35,32.75,"A05","A","05","RNhi10371",TRUE,"1772-062-248_A05"
"1772-062-248","1","RNhi10371-C05","hg19","GGACTCCT-TATCCTCT","LS2026","LS2026_RNhi10371_Lane1",500,100,3308160,0.91,100,83.8,32.86,"C05","C","05","RNhi10371",TRUE,"1772-062-248_C05"
"1772-062-248","1","RNhi10371-G12","hg19","GTAGAGGA-AAGGAGTA","LS2026","LS2026_RNhi10371_Lane1",811,100,5371038,1.48,100,83.3,32.73,"G12","G","12","RNhi10371",TRUE,"1772-062-248_G12"
"1772-062-248","1","RNhi10371-F12","hg19","GTAGAGGA-ACTGCATA","LS2026","LS2026_RNhi10371_Lane1",906,100,6003222,1.65,100,83.59,32.83,"F12","F","12","RNhi10371",TRUE,"1772-062-248_F12"
"1772-062-248","1","RNhi10371-D12","hg19","GTAGAGGA-AGAGTAGA","LS2026","LS2026_RNhi10371_Lane1",900,100,5961350,1.64,100,82.22,32.49,"D12","D","12","RNhi10371",TRUE,"1772-062-248_D12"
"1772-062-248","1","RNhi10371-H12","hg19","GTAGAGGA-CTAAGCCT","LS2026","LS2026_RNhi10371_Lane1",658,100,4358130,1.2,100,82.53,32.52,"H12","H","12","RNhi10371",TRUE,"1772-062-248_H12"
"1772-062-248","1","RNhi10371-B12","hg19","GTAGAGGA-CTCTCTAT","LS2026","LS2026_RNhi10371_Lane1",689,100,4561840,1.26,100,83.32,32.76,"B12","B","12","RNhi10371",TRUE,"1772-062-248_B12"
"1772-062-248","1","RNhi10371-E12","hg19","GTAGAGGA-GTAAGGAG","LS2026","LS2026_RNhi10371_Lane1",642,100,4253732,1.17,100,82.82,32.6,"E12","E","12","RNhi10371",TRUE,"1772-062-248_E12"
"1772-062-248","1","RNhi10371-A12","hg19","GTAGAGGA-TAGATCGC","LS2026","LS2026_RNhi10371_Lane1",488,100,3234052,0.89,100,82.64,32.56,"A12","A","12","RNhi10371",TRUE,"1772-062-248_A12"
"1772-062-248","1","RNhi10371-C12","hg19","GTAGAGGA-TATCCTCT","LS2026","LS2026_RNhi10371_Lane1",961,100,6366806,1.75,100,84.05,33,"C12","C","12","RNhi10371",TRUE,"1772-062-248_C12"
"1772-062-248","1","RNhi10371-G01","hg19","TAAGGCGA-AAGGAGTA","LS2026","LS2026_RNhi10371_Lane1",731,100,4844106,1.33,100,82.91,32.61,"G01","G","01","RNhi10371",TRUE,"1772-062-248_G01"
"1772-062-248","1","RNhi10371-F01","hg19","TAAGGCGA-ACTGCATA","LS2026","LS2026_RNhi10371_Lane1",695,100,4600330,1.27,100,81.94,32.31,"F01","F","01","RNhi10371",TRUE,"1772-062-248_F01"
"1772-062-248","1","RNhi10371-D01","hg19","TAAGGCGA-AGAGTAGA","LS2026","LS2026_RNhi10371_Lane1",566,100,3746080,1.03,100,79.98,31.78,"D01","D","01","RNhi10371",TRUE,"1772-062-248_D01"
"1772-062-248","1","RNhi10371-H01","hg19","TAAGGCGA-CTAAGCCT","LS2026","LS2026_RNhi10371_Lane1",716,100,4741194,1.3,100,82.31,32.47,"H01","H","01","RNhi10371",TRUE,"1772-062-248_H01"
"1772-062-248","1","RNhi10371-B01","hg19","TAAGGCGA-CTCTCTAT","LS2026","LS2026_RNhi10371_Lane1",746,100,4939726,1.36,100,82.95,32.65,"B01","B","01","RNhi10371",TRUE,"1772-062-248_B01"
"1772-062-248","1","RNhi10371-E01","hg19","TAAGGCGA-GTAAGGAG","LS2026","LS2026_RNhi10371_Lane1",505,100,3346592,0.92,100,81.61,32.23,"E01","E","01","RNhi10371",TRUE,"1772-062-248_E01"
"1772-062-248","1","RNhi10371-A01","hg19","TAAGGCGA-TAGATCGC","LS2026","LS2026_RNhi10371_Lane1",593,100,3928008,1.08,100,81.56,32.23,"A01","A","01","RNhi10371",TRUE,"1772-062-248_A01"
"1772-062-248","1","RNhi10371-C01","hg19","TAAGGCGA-TATCCTCT","LS2026","LS2026_RNhi10371_Lane1",575,100,3807756,1.05,100,82.13,32.38,"C01","C","01","RNhi10371",TRUE,"1772-062-248_C01"
"1772-062-248","1","RNhi10371-G06","hg19","TAGGCATG-AAGGAGTA","LS2026","LS2026_RNhi10371_Lane1",590,100,3908794,1.08,100,83.21,32.68,"G06","G","06","RNhi10371",TRUE,"1772-062-248_G06"
"1772-062-248","1","RNhi10371-F06","hg19","TAGGCATG-ACTGCATA","LS2026","LS2026_RNhi10371_Lane1",544,100,3602048,0.99,100,82.98,32.62,"F06","F","06","RNhi10371",TRUE,"1772-062-248_F06"
"1772-062-248","1","RNhi10371-D06","hg19","TAGGCATG-AGAGTAGA","LS2026","LS2026_RNhi10371_Lane1",589,100,3903354,1.07,100,81.3,32.17,"D06","D","06","RNhi10371",TRUE,"1772-062-248_D06"
"1772-062-248","1","RNhi10371-H06","hg19","TAGGCATG-CTAAGCCT","LS2026","LS2026_RNhi10371_Lane1",80,100,530804,0.15,100,76.11,30.32,"H06","H","06","RNhi10371",TRUE,"1772-062-248_H06"
"1772-062-248","1","RNhi10371-B06","hg19","TAGGCATG-CTCTCTAT","LS2026","LS2026_RNhi10371_Lane1",97,100,641650,0.18,100,76.53,30.41,"B06","B","06","RNhi10371",TRUE,"1772-062-248_B06"
"1772-062-248","1","RNhi10371-E06","hg19","TAGGCATG-GTAAGGAG","LS2026","LS2026_RNhi10371_Lane1",556,100,3684002,1.01,100,83.07,32.68,"E06","E","06","RNhi10371",TRUE,"1772-062-248_E06"
"1772-062-248","1","RNhi10371-A06","hg19","TAGGCATG-TAGATCGC","LS2026","LS2026_RNhi10371_Lane1",615,100,4072482,1.12,100,82.81,32.61,"A06","A","06","RNhi10371",TRUE,"1772-062-248_A06"
"1772-062-248","1","RNhi10371-C06","hg19","TAGGCATG-TATCCTCT","LS2026","LS2026_RNhi10371_Lane1",573,100,3793190,1.04,100,83.11,32.66,"C06","C","06","RNhi10371",TRUE,"1772-062-248_C06"
"1772-062-248","1","RNhi10371-G04","hg19","TCCTGAGC-AAGGAGTA","LS2026","LS2026_RNhi10371_Lane1",517,100,3424790,0.94,100,81.69,32.27,"G04","G","04","RNhi10371",TRUE,"1772-062-248_G04"
"1772-062-248","1","RNhi10371-F04","hg19","TCCTGAGC-ACTGCATA","LS2026","LS2026_RNhi10371_Lane1",138,100,916104,0.25,100,77.03,30.56,"F04","F","04","RNhi10371",TRUE,"1772-062-248_F04"
"1772-062-248","1","RNhi10371-D04","hg19","TCCTGAGC-AGAGTAGA","LS2026","LS2026_RNhi10371_Lane1",553,100,3662734,1.01,100,81.16,32.12,"D04","D","04","RNhi10371",TRUE,"1772-062-248_D04"
"1772-062-248","1","RNhi10371-H04","hg19","TCCTGAGC-CTAAGCCT","LS2026","LS2026_RNhi10371_Lane1",613,100,4059466,1.12,100,82.93,32.62,"H04","H","04","RNhi10371",TRUE,"1772-062-248_H04"
"1772-062-248","1","RNhi10371-B04","hg19","TCCTGAGC-CTCTCTAT","LS2026","LS2026_RNhi10371_Lane1",730,100,4834540,1.33,100,83.8,32.87,"B04","B","04","RNhi10371",TRUE,"1772-062-248_B04"
"1772-062-248","1","RNhi10371-E04","hg19","TCCTGAGC-GTAAGGAG","LS2026","LS2026_RNhi10371_Lane1",111,100,734340,0.2,100,75.88,30.25,"E04","E","04","RNhi10371",TRUE,"1772-062-248_E04"
"1772-062-248","1","RNhi10371-A04","hg19","TCCTGAGC-TAGATCGC","LS2026","LS2026_RNhi10371_Lane1",656,100,4342234,1.19,100,83.45,32.8,"A04","A","04","RNhi10371",TRUE,"1772-062-248_A04"
"1772-062-248","1","RNhi10371-C04","hg19","TCCTGAGC-TATCCTCT","LS2026","LS2026_RNhi10371_Lane1",522,100,3455940,0.95,100,83.48,32.77,"C04","C","04","RNhi10371",TRUE,"1772-062-248_C04"
"1772-062-248","1","Undetermined","unknown","Undetermined","LS2026","Undetermined_indices",2774,100,18372764,5.06,0,56.15,23.67,NA,NA,NA,"Undetermined",TRUE,"1772-062-248_NA"
"1772-062-249","2","RNhi10372-G11","hg19","AAGAGGCA-AAGGAGTA","LS2027","LS2027_RNhi10372_Lane2",601,100,3976918,1.72,100,92.29,35.3,"G11","G","11","RNhi10372",TRUE,"1772-062-249_G11"
"1772-062-249","2","RNhi10372-F11","hg19","AAGAGGCA-ACTGCATA","LS2027","LS2027_RNhi10372_Lane2",547,100,3624358,1.56,100,92.1,35.26,"F11","F","11","RNhi10372",TRUE,"1772-062-249_F11"
"1772-062-249","2","RNhi10372-D11","hg19","AAGAGGCA-AGAGTAGA","LS2027","LS2027_RNhi10372_Lane2",475,100,3145668,1.36,100,90.9,34.88,"D11","D","11","RNhi10372",TRUE,"1772-062-249_D11"
"1772-062-249","2","RNhi10372-H11","hg19","AAGAGGCA-CTAAGCCT","LS2027","LS2027_RNhi10372_Lane2",458,100,3036214,1.31,100,91.98,35.2,"H11","H","11","RNhi10372",TRUE,"1772-062-249_H11"
"1772-062-249","2","RNhi10372-B11","hg19","AAGAGGCA-CTCTCTAT","LS2027","LS2027_RNhi10372_Lane2",48,100,316586,0.14,100,80.27,31,"B11","B","11","RNhi10372",TRUE,"1772-062-249_B11"
"1772-062-249","2","RNhi10372-E11","hg19","AAGAGGCA-GTAAGGAG","LS2027","LS2027_RNhi10372_Lane2",540,100,3576326,1.54,100,91.93,35.19,"E11","E","11","RNhi10372",TRUE,"1772-062-249_E11"
"1772-062-249","2","RNhi10372-A11","hg19","AAGAGGCA-TAGATCGC","LS2027","LS2027_RNhi10372_Lane2",614,100,4065562,1.76,100,92.05,35.23,"A11","A","11","RNhi10372",TRUE,"1772-062-249_A11"
"1772-062-249","2","RNhi10372-C11","hg19","AAGAGGCA-TATCCTCT","LS2027","LS2027_RNhi10372_Lane2",537,100,3557680,1.54,100,92.2,35.28,"C11","C","11","RNhi10372",TRUE,"1772-062-249_C11"
"1772-062-249","2","RNhi10372-G03","hg19","AGGCAGAA-AAGGAGTA","LS2027","LS2027_RNhi10372_Lane2",354,100,2342032,1.01,100,89.39,34.35,"G03","G","03","RNhi10372",TRUE,"1772-062-249_G03"
"1772-062-249","2","RNhi10372-F03","hg19","AGGCAGAA-ACTGCATA","LS2027","LS2027_RNhi10372_Lane2",99,100,656330,0.28,100,85.34,32.78,"F03","F","03","RNhi10372",TRUE,"1772-062-249_F03"
"1772-062-249","2","RNhi10372-D03","hg19","AGGCAGAA-AGAGTAGA","LS2027","LS2027_RNhi10372_Lane2",291,100,1929462,0.83,100,87.58,33.84,"D03","D","03","RNhi10372",TRUE,"1772-062-249_D03"
"1772-062-249","2","RNhi10372-H03","hg19","AGGCAGAA-CTAAGCCT","LS2027","LS2027_RNhi10372_Lane2",228,100,1508046,0.65,100,88.18,33.98,"H03","H","03","RNhi10372",TRUE,"1772-062-249_H03"
"1772-062-249","2","RNhi10372-B03","hg19","AGGCAGAA-CTCTCTAT","LS2027","LS2027_RNhi10372_Lane2",279,100,1846516,0.8,100,88.74,34.17,"B03","B","03","RNhi10372",TRUE,"1772-062-249_B03"
"1772-062-249","2","RNhi10372-E03","hg19","AGGCAGAA-GTAAGGAG","LS2027","LS2027_RNhi10372_Lane2",359,100,2380660,1.03,100,89.01,34.24,"E03","E","03","RNhi10372",TRUE,"1772-062-249_E03"
"1772-062-249","2","RNhi10372-A03","hg19","AGGCAGAA-TAGATCGC","LS2027","LS2027_RNhi10372_Lane2",380,100,2516846,1.09,100,88.16,33.97,"A03","A","03","RNhi10372",TRUE,"1772-062-249_A03"
"1772-062-249","2","RNhi10372-C03","hg19","AGGCAGAA-TATCCTCT","LS2027","LS2027_RNhi10372_Lane2",400,100,2646382,1.14,100,89.43,34.37,"C03","C","03","RNhi10372",TRUE,"1772-062-249_C03"
"1772-062-249","2","RNhi10372-G08","hg19","CAGAGAGG-AAGGAGTA","LS2027","LS2027_RNhi10372_Lane2",284,100,1882444,0.81,100,90.2,34.61,"G08","G","08","RNhi10372",TRUE,"1772-062-249_G08"
"1772-062-249","2","RNhi10372-F08","hg19","CAGAGAGG-ACTGCATA","LS2027","LS2027_RNhi10372_Lane2",363,100,2401430,1.04,100,90.44,34.67,"F08","F","08","RNhi10372",TRUE,"1772-062-249_F08"
"1772-062-249","2","RNhi10372-D08","hg19","CAGAGAGG-AGAGTAGA","LS2027","LS2027_RNhi10372_Lane2",433,100,2868512,1.24,100,90.12,34.64,"D08","D","08","RNhi10372",TRUE,"1772-062-249_D08"
"1772-062-249","2","RNhi10372-H08","hg19","CAGAGAGG-CTAAGCCT","LS2027","LS2027_RNhi10372_Lane2",316,100,2092460,0.9,100,89.89,34.49,"H08","H","08","RNhi10372",TRUE,"1772-062-249_H08"
"1772-062-249","2","RNhi10372-B08","hg19","CAGAGAGG-CTCTCTAT","LS2027","LS2027_RNhi10372_Lane2",384,100,2545568,1.1,100,90.91,34.85,"B08","B","08","RNhi10372",TRUE,"1772-062-249_B08"
"1772-062-249","2","RNhi10372-E08","hg19","CAGAGAGG-GTAAGGAG","LS2027","LS2027_RNhi10372_Lane2",403,100,2667398,1.15,100,90.42,34.67,"E08","E","08","RNhi10372",TRUE,"1772-062-249_E08"
"1772-062-249","2","RNhi10372-A08","hg19","CAGAGAGG-TAGATCGC","LS2027","LS2027_RNhi10372_Lane2",403,100,2670834,1.15,100,90.1,34.59,"A08","A","08","RNhi10372",TRUE,"1772-062-249_A08"
"1772-062-249","2","RNhi10372-C08","hg19","CAGAGAGG-TATCCTCT","LS2027","LS2027_RNhi10372_Lane2",370,100,2451786,1.06,100,91.06,34.89,"C08","C","08","RNhi10372",TRUE,"1772-062-249_C08"
"1772-062-249","2","RNhi10372-G10","hg19","CGAGGCTG-AAGGAGTA","LS2027","LS2027_RNhi10372_Lane2",147,100,971104,0.42,100,87.83,33.67,"G10","G","10","RNhi10372",TRUE,"1772-062-249_G10"
"1772-062-249","2","RNhi10372-F10","hg19","CGAGGCTG-ACTGCATA","LS2027","LS2027_RNhi10372_Lane2",307,100,2031598,0.88,100,90.14,34.59,"F10","F","10","RNhi10372",TRUE,"1772-062-249_F10"
"1772-062-249","2","RNhi10372-D10","hg19","CGAGGCTG-AGAGTAGA","LS2027","LS2027_RNhi10372_Lane2",53,100,351576,0.15,100,84.36,32.51,"D10","D","10","RNhi10372",TRUE,"1772-062-249_D10"
"1772-062-249","2","RNhi10372-H10","hg19","CGAGGCTG-CTAAGCCT","LS2027","LS2027_RNhi10372_Lane2",37,100,247936,0.11,100,85.84,32.98,"H10","H","10","RNhi10372",TRUE,"1772-062-249_H10"
"1772-062-249","2","RNhi10372-B10","hg19","CGAGGCTG-CTCTCTAT","LS2027","LS2027_RNhi10372_Lane2",56,100,370666,0.16,100,85.39,32.74,"B10","B","10","RNhi10372",TRUE,"1772-062-249_B10"
"1772-062-249","2","RNhi10372-E10","hg19","CGAGGCTG-GTAAGGAG","LS2027","LS2027_RNhi10372_Lane2",371,100,2457600,1.06,100,90.34,34.65,"E10","E","10","RNhi10372",TRUE,"1772-062-249_E10"
"1772-062-249","2","RNhi10372-A10","hg19","CGAGGCTG-TAGATCGC","LS2027","LS2027_RNhi10372_Lane2",274,100,1812840,0.78,100,89.23,34.32,"A10","A","10","RNhi10372",TRUE,"1772-062-249_A10"
"1772-062-249","2","RNhi10372-C10","hg19","CGAGGCTG-TATCCTCT","LS2027","LS2027_RNhi10372_Lane2",391,100,2586680,1.12,100,91.32,34.98,"C10","C","10","RNhi10372",TRUE,"1772-062-249_C10"
"1772-062-249","2","RNhi10372-G02","hg19","CGTACTAG-AAGGAGTA","LS2027","LS2027_RNhi10372_Lane2",359,100,2374930,1.03,100,90.44,34.69,"G02","G","02","RNhi10372",TRUE,"1772-062-249_G02"
"1772-062-249","2","RNhi10372-F02","hg19","CGTACTAG-ACTGCATA","LS2027","LS2027_RNhi10372_Lane2",275,100,1819476,0.79,100,89.9,34.51,"F02","F","02","RNhi10372",TRUE,"1772-062-249_F02"
"1772-062-249","2","RNhi10372-D02","hg19","CGTACTAG-AGAGTAGA","LS2027","LS2027_RNhi10372_Lane2",185,100,1222894,0.53,100,88.73,34.21,"D02","D","02","RNhi10372",TRUE,"1772-062-249_D02"
"1772-062-249","2","RNhi10372-H02","hg19","CGTACTAG-CTAAGCCT","LS2027","LS2027_RNhi10372_Lane2",357,100,2364966,1.02,100,90.05,34.53,"H02","H","02","RNhi10372",TRUE,"1772-062-249_H02"
"1772-062-249","2","RNhi10372-B02","hg19","CGTACTAG-CTCTCTAT","LS2027","LS2027_RNhi10372_Lane2",320,100,2120586,0.92,100,90.32,34.64,"B02","B","02","RNhi10372",TRUE,"1772-062-249_B02"
"1772-062-249","2","RNhi10372-E02","hg19","CGTACTAG-GTAAGGAG","LS2027","LS2027_RNhi10372_Lane2",349,100,2308994,1,100,90.06,34.56,"E02","E","02","RNhi10372",TRUE,"1772-062-249_E02"
"1772-062-249","2","RNhi10372-A02","hg19","CGTACTAG-TAGATCGC","LS2027","LS2027_RNhi10372_Lane2",383,100,2539580,1.1,100,89.66,34.43,"A02","A","02","RNhi10372",TRUE,"1772-062-249_A02"
"1772-062-249","2","RNhi10372-C02","hg19","CGTACTAG-TATCCTCT","LS2027","LS2027_RNhi10372_Lane2",274,100,1813070,0.78,100,90.11,34.58,"C02","C","02","RNhi10372",TRUE,"1772-062-249_C02"
"1772-062-249","2","RNhi10372-G07","hg19","CTCTCTAC-AAGGAGTA","LS2027","LS2027_RNhi10372_Lane2",339,100,2247228,0.97,100,90.55,34.71,"G07","G","07","RNhi10372",TRUE,"1772-062-249_G07"
"1772-062-249","2","RNhi10372-F07","hg19","CTCTCTAC-ACTGCATA","LS2027","LS2027_RNhi10372_Lane2",441,100,2920068,1.26,100,91.06,34.85,"F07","F","07","RNhi10372",TRUE,"1772-062-249_F07"
"1772-062-249","2","RNhi10372-D07","hg19","CTCTCTAC-AGAGTAGA","LS2027","LS2027_RNhi10372_Lane2",377,100,2495492,1.08,100,89.79,34.52,"D07","D","07","RNhi10372",TRUE,"1772-062-249_D07"
"1772-062-249","2","RNhi10372-H07","hg19","CTCTCTAC-CTAAGCCT","LS2027","LS2027_RNhi10372_Lane2",322,100,2133262,0.92,100,90.05,34.54,"H07","H","07","RNhi10372",TRUE,"1772-062-249_H07"
"1772-062-249","2","RNhi10372-B07","hg19","CTCTCTAC-CTCTCTAT","LS2027","LS2027_RNhi10372_Lane2",418,100,2768862,1.2,100,91.81,35.13,"B07","B","07","RNhi10372",TRUE,"1772-062-249_B07"
"1772-062-249","2","RNhi10372-E07","hg19","CTCTCTAC-GTAAGGAG","LS2027","LS2027_RNhi10372_Lane2",255,100,1691732,0.73,100,90.08,34.6,"E07","E","07","RNhi10372",TRUE,"1772-062-249_E07"
"1772-062-249","2","RNhi10372-A07","hg19","CTCTCTAC-TAGATCGC","LS2027","LS2027_RNhi10372_Lane2",323,100,2136724,0.92,100,89.74,34.47,"A07","A","07","RNhi10372",TRUE,"1772-062-249_A07"
"1772-062-249","2","RNhi10372-C07","hg19","CTCTCTAC-TATCCTCT","LS2027","LS2027_RNhi10372_Lane2",454,100,3009892,1.3,100,91.44,35,"C07","C","07","RNhi10372",TRUE,"1772-062-249_C07"
"1772-062-249","2","RNhi10372-G09","hg19","GCTACGCT-AAGGAGTA","LS2027","LS2027_RNhi10372_Lane2",354,100,2343336,1.01,100,91.51,35.01,"G09","G","09","RNhi10372",TRUE,"1772-062-249_G09"
"1772-062-249","2","RNhi10372-F09","hg19","GCTACGCT-ACTGCATA","LS2027","LS2027_RNhi10372_Lane2",420,100,2780376,1.2,100,91.63,35.04,"F09","F","09","RNhi10372",TRUE,"1772-062-249_F09"
"1772-062-249","2","RNhi10372-D09","hg19","GCTACGCT-AGAGTAGA","LS2027","LS2027_RNhi10372_Lane2",348,100,2307640,1,100,90.79,34.83,"D09","D","09","RNhi10372",TRUE,"1772-062-249_D09"
"1772-062-249","2","RNhi10372-H09","hg19","GCTACGCT-CTAAGCCT","LS2027","LS2027_RNhi10372_Lane2",298,100,1976594,0.85,100,90.73,34.74,"H09","H","09","RNhi10372",TRUE,"1772-062-249_H09"
"1772-062-249","2","RNhi10372-B09","hg19","GCTACGCT-CTCTCTAT","LS2027","LS2027_RNhi10372_Lane2",305,100,2020660,0.87,100,91.72,35.11,"B09","B","09","RNhi10372",TRUE,"1772-062-249_B09"
"1772-062-249","2","RNhi10372-E09","hg19","GCTACGCT-GTAAGGAG","LS2027","LS2027_RNhi10372_Lane2",369,100,2442834,1.05,100,91.63,35.05,"E09","E","09","RNhi10372",TRUE,"1772-062-249_E09"
"1772-062-249","2","RNhi10372-A09","hg19","GCTACGCT-TAGATCGC","LS2027","LS2027_RNhi10372_Lane2",246,100,1629898,0.7,100,90.59,34.74,"A09","A","09","RNhi10372",TRUE,"1772-062-249_A09"
"1772-062-249","2","RNhi10372-C09","hg19","GCTACGCT-TATCCTCT","LS2027","LS2027_RNhi10372_Lane2",346,100,2293048,0.99,100,92.12,35.18,"C09","C","09","RNhi10372",TRUE,"1772-062-249_C09"
"1772-062-249","2","RNhi10372-G05","hg19","GGACTCCT-AAGGAGTA","LS2027","LS2027_RNhi10372_Lane2",378,100,2505628,1.08,100,91.12,34.89,"G05","G","05","RNhi10372",TRUE,"1772-062-249_G05"
"1772-062-249","2","RNhi10372-F05","hg19","GGACTCCT-ACTGCATA","LS2027","LS2027_RNhi10372_Lane2",364,100,2411206,1.04,100,91.52,35.04,"F05","F","05","RNhi10372",TRUE,"1772-062-249_F05"
"1772-062-249","2","RNhi10372-D05","hg19","GGACTCCT-AGAGTAGA","LS2027","LS2027_RNhi10372_Lane2",371,100,2458798,1.06,100,90.78,34.85,"D05","D","05","RNhi10372",TRUE,"1772-062-249_D05"
"1772-062-249","2","RNhi10372-H05","hg19","GGACTCCT-CTAAGCCT","LS2027","LS2027_RNhi10372_Lane2",342,100,2267238,0.98,100,90.62,34.71,"H05","H","05","RNhi10372",TRUE,"1772-062-249_H05"
"1772-062-249","2","RNhi10372-B05","hg19","GGACTCCT-CTCTCTAT","LS2027","LS2027_RNhi10372_Lane2",292,100,1936236,0.84,100,91.58,35.09,"B05","B","05","RNhi10372",TRUE,"1772-062-249_B05"
"1772-062-249","2","RNhi10372-E05","hg19","GGACTCCT-GTAAGGAG","LS2027","LS2027_RNhi10372_Lane2",406,100,2691600,1.16,100,91.29,34.97,"E05","E","05","RNhi10372",TRUE,"1772-062-249_E05"
"1772-062-249","2","RNhi10372-A05","hg19","GGACTCCT-TAGATCGC","LS2027","LS2027_RNhi10372_Lane2",490,100,3243280,1.4,100,91.4,35,"A05","A","05","RNhi10372",TRUE,"1772-062-249_A05"
"1772-062-249","2","RNhi10372-C05","hg19","GGACTCCT-TATCCTCT","LS2027","LS2027_RNhi10372_Lane2",403,100,2666904,1.15,100,92.03,35.22,"C05","C","05","RNhi10372",TRUE,"1772-062-249_C05"
"1772-062-249","2","RNhi10372-G12","hg19","GTAGAGGA-AAGGAGTA","LS2027","LS2027_RNhi10372_Lane2",522,100,3458668,1.49,100,91.68,35.1,"G12","G","12","RNhi10372",TRUE,"1772-062-249_G12"
"1772-062-249","2","RNhi10372-F12","hg19","GTAGAGGA-ACTGCATA","LS2027","LS2027_RNhi10372_Lane2",542,100,3589324,1.55,100,91.54,35.06,"F12","F","12","RNhi10372",TRUE,"1772-062-249_F12"
"1772-062-249","2","RNhi10372-D12","hg19","GTAGAGGA-AGAGTAGA","LS2027","LS2027_RNhi10372_Lane2",521,100,3447636,1.49,100,90.39,34.72,"D12","D","12","RNhi10372",TRUE,"1772-062-249_D12"
"1772-062-249","2","RNhi10372-H12","hg19","GTAGAGGA-CTAAGCCT","LS2027","LS2027_RNhi10372_Lane2",71,100,471378,0.2,100,86.25,33.03,"H12","H","12","RNhi10372",TRUE,"1772-062-249_H12"
"1772-062-249","2","RNhi10372-B12","hg19","GTAGAGGA-CTCTCTAT","LS2027","LS2027_RNhi10372_Lane2",519,100,3436664,1.48,100,91.86,35.15,"B12","B","12","RNhi10372",TRUE,"1772-062-249_B12"
"1772-062-249","2","RNhi10372-E12","hg19","GTAGAGGA-GTAAGGAG","LS2027","LS2027_RNhi10372_Lane2",619,100,4101472,1.77,100,91.66,35.1,"E12","E","12","RNhi10372",TRUE,"1772-062-249_E12"
"1772-062-249","2","RNhi10372-A12","hg19","GTAGAGGA-TAGATCGC","LS2027","LS2027_RNhi10372_Lane2",601,100,3979662,1.72,100,91.68,35.13,"A12","A","12","RNhi10372",TRUE,"1772-062-249_A12"
"1772-062-249","2","RNhi10372-C12","hg19","GTAGAGGA-TATCCTCT","LS2027","LS2027_RNhi10372_Lane2",532,100,3522468,1.52,100,91.92,35.19,"C12","C","12","RNhi10372",TRUE,"1772-062-249_C12"
"1772-062-249","2","RNhi10372-G01","hg19","TAAGGCGA-AAGGAGTA","LS2027","LS2027_RNhi10372_Lane2",282,100,1865500,0.81,100,90.41,34.66,"G01","G","01","RNhi10372",TRUE,"1772-062-249_G01"
"1772-062-249","2","RNhi10372-F01","hg19","TAAGGCGA-ACTGCATA","LS2027","LS2027_RNhi10372_Lane2",386,100,2555014,1.1,100,90.24,34.62,"F01","F","01","RNhi10372",TRUE,"1772-062-249_F01"
"1772-062-249","2","RNhi10372-D01","hg19","TAAGGCGA-AGAGTAGA","LS2027","LS2027_RNhi10372_Lane2",246,100,1628114,0.7,100,88.3,34.06,"D01","D","01","RNhi10372",TRUE,"1772-062-249_D01"
"1772-062-249","2","RNhi10372-H01","hg19","TAAGGCGA-CTAAGCCT","LS2027","LS2027_RNhi10372_Lane2",322,100,2133426,0.92,100,89.61,34.42,"H01","H","01","RNhi10372",TRUE,"1772-062-249_H01"
"1772-062-249","2","RNhi10372-B01","hg19","TAAGGCGA-CTCTCTAT","LS2027","LS2027_RNhi10372_Lane2",338,100,2237336,0.97,100,90.74,34.79,"B01","B","01","RNhi10372",TRUE,"1772-062-249_B01"
"1772-062-249","2","RNhi10372-E01","hg19","TAAGGCGA-GTAAGGAG","LS2027","LS2027_RNhi10372_Lane2",251,100,1663534,0.72,100,89.09,34.26,"E01","E","01","RNhi10372",TRUE,"1772-062-249_E01"
"1772-062-249","2","RNhi10372-A01","hg19","TAAGGCGA-TAGATCGC","LS2027","LS2027_RNhi10372_Lane2",468,100,3099236,1.34,100,90.01,34.56,"A01","A","01","RNhi10372",TRUE,"1772-062-249_A01"
"1772-062-249","2","RNhi10372-C01","hg19","TAAGGCGA-TATCCTCT","LS2027","LS2027_RNhi10372_Lane2",421,100,2786044,1.2,100,90.45,34.66,"C01","C","01","RNhi10372",TRUE,"1772-062-249_C01"
"1772-062-249","2","RNhi10372-G06","hg19","TAGGCATG-AAGGAGTA","LS2027","LS2027_RNhi10372_Lane2",438,100,2897890,1.25,100,91,34.86,"G06","G","06","RNhi10372",TRUE,"1772-062-249_G06"
"1772-062-249","2","RNhi10372-F06","hg19","TAGGCATG-ACTGCATA","LS2027","LS2027_RNhi10372_Lane2",87,100,576514,0.25,100,86.62,33.15,"F06","F","06","RNhi10372",TRUE,"1772-062-249_F06"
"1772-062-249","2","RNhi10372-D06","hg19","TAGGCATG-AGAGTAGA","LS2027","LS2027_RNhi10372_Lane2",101,100,671182,0.29,100,85.67,32.95,"D06","D","06","RNhi10372",TRUE,"1772-062-249_D06"
"1772-062-249","2","RNhi10372-H06","hg19","TAGGCATG-CTAAGCCT","LS2027","LS2027_RNhi10372_Lane2",296,100,1957854,0.85,100,89.85,34.49,"H06","H","06","RNhi10372",TRUE,"1772-062-249_H06"
"1772-062-249","2","RNhi10372-B06","hg19","TAGGCATG-CTCTCTAT","LS2027","LS2027_RNhi10372_Lane2",470,100,3112414,1.34,100,91.72,35.12,"B06","B","06","RNhi10372",TRUE,"1772-062-249_B06"
"1772-062-249","2","RNhi10372-E06","hg19","TAGGCATG-GTAAGGAG","LS2027","LS2027_RNhi10372_Lane2",430,100,2844784,1.23,100,91.22,34.97,"E06","E","06","RNhi10372",TRUE,"1772-062-249_E06"
"1772-062-249","2","RNhi10372-A06","hg19","TAGGCATG-TAGATCGC","LS2027","LS2027_RNhi10372_Lane2",350,100,2320116,1,100,90.43,34.72,"A06","A","06","RNhi10372",TRUE,"1772-062-249_A06"
"1772-062-249","2","RNhi10372-C06","hg19","TAGGCATG-TATCCTCT","LS2027","LS2027_RNhi10372_Lane2",333,100,2207492,0.95,100,91.75,35.15,"C06","C","06","RNhi10372",TRUE,"1772-062-249_C06"
"1772-062-249","2","RNhi10372-G04","hg19","TCCTGAGC-AAGGAGTA","LS2027","LS2027_RNhi10372_Lane2",299,100,1981278,0.86,100,88.69,34.15,"G04","G","04","RNhi10372",TRUE,"1772-062-249_G04"
"1772-062-249","2","RNhi10372-F04","hg19","TCCTGAGC-ACTGCATA","LS2027","LS2027_RNhi10372_Lane2",392,100,2597080,1.12,100,90.53,34.67,"F04","F","04","RNhi10372",TRUE,"1772-062-249_F04"
"1772-062-249","2","RNhi10372-D04","hg19","TCCTGAGC-AGAGTAGA","LS2027","LS2027_RNhi10372_Lane2",260,100,1723178,0.74,100,89.1,34.29,"D04","D","04","RNhi10372",TRUE,"1772-062-249_D04"
"1772-062-249","2","RNhi10372-H04","hg19","TCCTGAGC-CTAAGCCT","LS2027","LS2027_RNhi10372_Lane2",305,100,2018668,0.87,100,89.93,34.48,"H04","H","04","RNhi10372",TRUE,"1772-062-249_H04"
"1772-062-249","2","RNhi10372-B04","hg19","TCCTGAGC-CTCTCTAT","LS2027","LS2027_RNhi10372_Lane2",306,100,2028510,0.88,100,90.51,34.68,"B04","B","04","RNhi10372",TRUE,"1772-062-249_B04"
"1772-062-249","2","RNhi10372-E04","hg19","TCCTGAGC-GTAAGGAG","LS2027","LS2027_RNhi10372_Lane2",314,100,2081298,0.9,100,89.79,34.47,"E04","E","04","RNhi10372",TRUE,"1772-062-249_E04"
"1772-062-249","2","RNhi10372-A04","hg19","TCCTGAGC-TAGATCGC","LS2027","LS2027_RNhi10372_Lane2",262,100,1735416,0.75,100,89.41,34.37,"A04","A","04","RNhi10372",TRUE,"1772-062-249_A04"
"1772-062-249","2","RNhi10372-C04","hg19","TCCTGAGC-TATCCTCT","LS2027","LS2027_RNhi10372_Lane2",369,100,2441036,1.05,100,90.67,34.72,"C04","C","04","RNhi10372",TRUE,"1772-062-249_C04"
"1772-062-249","2","Undetermined","unknown","Undetermined","LS2027","Undetermined_indices",1359,100,9002246,3.89,0,64.29,25.78,NA,NA,NA,"Undetermined",TRUE,"1772-062-249_NA"
